Age,Salary,Experience_Years,Job_Satisfaction,Overtime,Projects,Distance_From_Home_KM,Years_Since_Promotion,Attrition
60,118367,10,4,0,4,38,10,Leave
47,126894,12,7,0,9,1,3,Stay
50,142701,19,7,1,7,37,4,Leave
31,149161,0,6,1,6,16,4,Stay
21,80556,7,6,0,3,18,8,Stay
42,45673,7,7,0,8,7,1,Stay
28,39551,12,1,1,9,21,10,Leave
29,21341,20,8,1,3,30,10,Stay
37,100765,16,7,1,10,19,3,Leave
57,40770,11,2,0,4,43,5,Leave
22,146412,3,5,0,9,23,7,Stay
48,134651,9,3,0,4,5,2,Leave
53,42725,0,10,0,1,37,9,Leave
49,146483,7,5,0,2,21,4,Stay
32,116300,2,6,1,9,32,10,Leave
54,56102,13,3,1,9,19,9,Leave
50,136913,1,4,1,9,35,2,Leave
44,59405,15,9,0,9,20,5,Stay
24,109220,1,8,0,5,11,8,Stay
33,145041,18,10,1,5,7,10,Leave
27,23359,2,8,0,4,27,1,Stay
21,131860,3,6,1,6,20,6,Leave
48,114545,0,2,0,10,49,6,Leave
52,132846,10,9,0,5,15,1,Stay
33,88631,13,7,0,4,13,5,Stay
26,149467,15,8,1,8,41,4,Leave
27,65355,6,8,0,10,2,8,Stay
47,148379,15,3,1,3,18,4,Leave
29,61204,9,4,1,8,8,4,Leave
38,20507,6,9,0,3,10,2,Stay
41,131271,15,9,0,2,48,0,Stay
31,88646,20,3,1,2,45,6,Leave
40,20827,20,4,1,8,37,1,Leave
51,112098,1,2,1,5,44,7,Leave
24,37684,19,2,0,3,37,10,Leave
44,36710,3,3,0,8,49,1,Leave
50,151341,14,3,0,9,43,8,Leave
38,75631,20,2,1,2,10,0,Leave
57,69870,14,9,1,9,17,4,Leave
55,44450,20,4,1,8,39,6,Leave
53,68598,13,10,0,6,39,2,Stay
31,35136,10,5,0,5,14,4,Leave
49,148430,6,5,1,1,40,2,Leave
46,131429,10,10,1,3,22,8,Leave
50,142732,15,9,1,6,9,7,Stay
56,30577,3,3,0,8,43,5,Leave
57,131018,4,10,1,10,41,4,Stay
56,111127,1,1,0,9,21,8,Stay
26,79194,4,6,0,6,45,1,Stay
33,125100,15,6,0,5,2,2,Stay
41,61309,19,5,1,6,7,10,Leave
23,109740,0,1,1,5,32,8,Leave
41,69947,15,2,1,3,14,2,Leave
44,27901,5,8,1,2,22,5,Leave
38,157270,12,2,0,4,34,1,Leave
21,117600,20,10,0,3,4,5,Stay
35,138435,12,3,0,5,16,6,Stay
55,96662,18,3,1,6,12,0,Leave
53,55791,16,9,0,9,28,1,Stay
44,142097,2,6,0,2,14,10,Stay
30,40563,13,7,1,7,31,6,Leave
37,110297,20,9,0,3,18,7,Stay
50,150601,14,8,1,7,17,8,Leave
45,96067,9,10,1,3,48,3,Leave
54,90271,3,10,1,9,33,5,Stay
27,155073,19,1,0,10,16,8,Stay
26,51277,3,8,1,5,16,5,Stay
43,120864,14,5,1,5,3,4,Stay
57,73039,0,8,0,10,23,1,Stay
35,28063,6,9,1,1,21,7,Leave
37,104708,18,3,0,7,25,1,Stay
58,40671,4,6,0,10,16,2,Stay
22,24785,11,9,0,8,24,7,Stay
60,116956,1,5,0,8,17,5,Stay
44,52020,3,2,1,2,49,10,Leave
51,131494,12,6,0,2,9,6,Stay
38,97706,4,4,0,1,17,9,Leave
34,114406,14,2,0,6,15,6,Leave
50,29990,2,8,0,1,42,5,Stay
42,131758,1,3,1,6,24,3,Leave
21,52805,12,2,1,1,22,6,Leave
32,48745,17,4,1,1,50,4,Leave
21,85058,20,3,1,5,3,6,Leave
42,94123,14,1,1,6,36,6,Leave
47,130798,0,3,1,6,32,7,Leave
29,114503,5,9,1,8,38,10,Stay
50,152382,7,5,0,8,4,7,Stay
47,25153,17,4,0,3,22,6,Stay
32,35940,12,4,1,1,43,3,Leave
53,134775,6,4,0,7,35,1,Stay
53,95847,17,1,0,6,14,1,Stay
22,130651,16,9,0,2,48,3,Stay
30,28400,3,2,0,6,35,0,Leave
31,93493,2,10,1,6,34,7,Leave
59,57526,7,9,1,7,14,6,Stay
37,35790,12,2,0,9,45,0,Leave
21,131632,1,2,0,9,50,3,Leave
30,106602,18,10,0,9,38,0,Leave
57,79052,3,1,1,9,37,6,Leave
45,99853,4,8,1,2,25,7,Leave
28,142016,19,5,1,8,36,7,Leave
52,97036,16,2,1,9,47,6,Leave
25,109081,18,3,0,4,3,5,Stay
59,97558,18,10,0,1,25,0,Stay
49,79713,19,8,0,5,8,6,Stay
60,149080,15,4,1,10,40,2,Leave
37,92227,2,2,0,1,3,3,Leave
43,146281,7,4,0,4,44,0,Stay
34,66198,8,8,1,4,19,8,Leave
55,50534,8,1,1,8,44,1,Leave
47,143644,15,10,0,6,23,8,Stay
50,142098,8,10,1,9,16,0,Stay
36,103879,20,7,0,4,14,6,Stay
59,122639,5,1,0,6,23,0,Stay
39,133944,12,2,1,2,6,6,Leave
49,142186,6,7,1,3,23,9,Leave
53,39012,16,3,1,9,42,6,Leave
52,139253,2,5,0,1,35,9,Stay
45,111498,13,1,1,6,24,4,Leave
49,22312,8,6,0,5,36,10,Stay
58,57251,3,10,1,8,50,3,Stay
22,147073,0,8,1,1,9,9,Leave
23,40717,17,7,0,1,28,9,Stay
52,139162,11,4,1,7,47,2,Leave
56,82811,19,8,1,7,25,2,Stay
50,140560,7,5,0,3,4,10,Stay
28,159103,1,7,0,1,1,5,Stay
25,108205,3,8,0,6,23,8,Stay
25,80394,4,9,1,5,6,9,Leave
49,137885,0,3,0,1,42,5,Leave
53,138174,13,10,1,9,32,2,Leave
55,75650,4,6,1,2,20,8,Stay
39,95332,13,9,1,3,2,3,Stay
46,158602,19,2,1,7,44,0,Leave
52,96985,3,7,0,7,21,6,Stay
58,123291,4,6,1,4,4,5,Leave
51,126887,13,2,1,2,14,10,Leave
47,54952,17,8,0,6,23,9,Stay
56,26953,2,10,1,1,1,8,Leave
45,131188,12,1,0,4,10,2,Leave
27,50197,2,2,1,6,12,2,Leave
34,56045,2,6,0,10,42,3,Stay
58,63274,11,2,1,1,21,1,Stay
42,54526,3,3,1,9,1,8,Leave
47,157951,11,8,0,9,23,0,Stay
32,136783,19,7,0,6,39,10,Stay
55,66536,10,6,0,5,18,7,Stay
29,46656,7,8,1,6,40,2,Stay
45,32358,12,3,1,2,40,6,Leave
23,73436,12,7,1,4,12,1,Stay
42,104856,10,10,1,5,29,0,Stay
31,109470,14,1,1,6,11,9,Leave
23,147265,17,3,1,10,3,7,Stay
54,95476,17,9,0,7,16,6,Stay
44,42745,17,9,0,3,49,2,Stay
42,51809,15,4,1,2,19,9,Leave
55,34831,15,6,0,8,35,8,Stay
47,125273,10,5,0,6,43,9,Stay
34,150570,16,5,0,7,31,10,Leave
29,45233,1,2,1,1,7,1,Leave
37,152838,3,6,1,4,12,1,Stay
32,73315,0,7,0,2,39,0,Stay
28,89526,18,7,0,5,41,0,Stay
37,105617,6,2,0,9,9,3,Stay
38,57306,8,10,0,10,39,2,Stay
28,79756,8,7,0,2,14,3,Stay
21,146632,6,4,0,4,46,1,Stay
28,26643,18,7,1,2,34,5,Leave
42,125229,13,10,1,9,38,8,Leave
44,94019,18,8,0,1,49,7,Stay
23,75440,8,8,1,1,39,10,Leave
34,79661,0,10,1,6,34,5,Leave
43,147248,14,4,0,7,44,2,Leave
58,150937,7,5,0,3,11,9,Stay
44,145140,16,5,1,8,32,2,Stay
58,147120,7,6,0,2,49,1,Stay
46,117073,15,8,0,2,20,6,Stay
55,149352,16,6,1,1,12,4,Stay
42,110856,11,3,1,3,33,5,Leave
56,39019,18,6,0,7,39,10,Stay
55,108279,6,3,0,6,7,6,Stay
55,133805,17,9,1,5,16,10,Leave
28,60224,19,3,1,2,35,1,Leave
27,131498,12,3,1,6,41,0,Leave
34,134255,15,3,1,8,19,5,Leave
33,25406,15,9,1,6,18,9,Stay
41,88368,9,5,0,5,25,0,Stay
56,118410,8,10,1,5,11,0,Stay
40,86670,1,2,0,9,36,2,Leave
36,80144,6,5,1,8,7,2,Leave
54,49903,8,9,0,8,49,8,Leave
59,60198,20,10,0,8,20,7,Stay
28,33866,1,5,1,8,29,2,Leave
50,145255,18,8,1,7,6,5,Stay
31,149390,12,4,0,5,44,2,Leave
56,150108,7,2,1,2,43,10,Leave
22,48160,16,9,0,1,19,2,Stay
48,155289,2,10,0,9,18,5,Stay
53,35039,19,1,0,2,1,2,Leave
31,75339,13,3,0,3,48,2,Stay
34,57753,20,9,0,8,31,9,Stay
38,44860,18,8,0,1,48,10,Stay
42,65632,13,7,1,9,10,3,Stay
27,58674,11,8,1,6,29,6,Stay
39,116109,8,4,1,3,13,6,Leave
31,73769,19,7,1,8,25,4,Stay
28,20665,8,9,0,3,44,9,Stay
52,118478,13,6,1,5,40,3,Leave
60,21018,6,2,0,4,44,7,Leave
60,144888,12,7,0,8,32,6,Stay
26,144206,13,4,0,2,44,2,Leave
42,91904,14,8,0,9,23,1,Stay
43,150850,3,8,0,7,30,1,Stay
45,123698,16,7,1,1,9,10,Leave
46,87331,7,9,0,4,48,1,Stay
33,156511,9,3,1,10,10,1,Leave
46,130401,15,9,0,5,50,4,Stay
59,43905,3,10,1,7,34,1,Leave
54,41596,7,1,1,1,32,10,Leave
47,110650,13,6,0,6,1,9,Stay
28,145478,8,10,1,2,27,8,Leave
43,32609,14,3,0,3,13,10,Stay
22,81678,18,7,1,7,4,9,Stay
48,26139,1,6,1,5,33,2,Leave
53,128348,17,10,1,5,14,8,Leave
42,60602,15,8,0,6,10,9,Stay
55,97197,12,2,1,6,17,6,Leave
47,119914,12,7,0,8,18,7,Stay
59,138959,17,1,0,4,21,8,Leave
53,38982,9,9,0,1,19,4,Stay
28,95500,2,1,1,7,44,0,Leave
27,39843,1,6,1,3,4,2,Leave
37,21298,20,1,0,1,8,1,Leave
51,102647,5,2,0,6,40,9,Stay
56,87401,9,4,1,3,7,4,Leave
52,91499,18,3,0,3,30,3,Stay
59,84741,5,7,1,7,30,1,Stay
28,118193,9,9,1,5,44,4,Leave
26,42988,12,2,0,7,21,10,Stay
48,159737,16,9,0,1,11,2,Stay
21,43711,18,6,1,4,23,2,Leave
55,102742,11,6,1,3,16,7,Stay
23,117191,4,9,1,8,32,2,Leave
32,39433,7,4,0,2,12,4,Stay
44,154632,20,4,1,7,15,6,Leave
22,70443,10,6,0,7,19,10,Stay
40,30745,12,4,1,9,26,5,Leave
31,22747,19,9,1,8,33,5,Stay
23,91558,11,3,1,3,38,3,Leave
60,38063,16,5,1,10,10,9,Leave
22,53212,2,2,0,5,26,7,Stay
41,142852,8,1,0,5,28,3,Stay
37,96592,11,10,1,5,17,4,Stay
57,114018,3,2,1,5,23,10,Leave
28,20755,13,6,0,10,15,0,Stay
35,133352,17,7,1,10,20,0,Leave
43,94386,0,7,0,9,21,9,Stay
23,21041,3,6,1,10,35,2,Leave
51,96920,5,7,1,10,39,3,Stay
43,82479,16,8,1,10,24,6,Stay
48,95950,7,6,1,7,3,8,Stay
45,149461,17,7,0,8,12,7,Stay
51,66244,1,7,0,1,5,7,Leave
24,136542,3,10,0,8,5,10,Stay
53,156779,7,3,1,10,11,9,Leave
29,42492,18,5,0,9,35,10,Stay
26,115677,18,6,1,2,9,3,Leave
54,85702,13,7,0,6,37,10,Leave
57,123336,9,7,1,4,1,3,Stay
38,77345,17,2,1,10,15,8,Leave
39,37809,6,6,1,6,22,6,Stay
45,85116,0,7,0,1,40,5,Stay
50,53666,4,9,1,2,44,7,Stay
38,130126,14,8,0,10,6,7,Stay
29,60851,7,5,1,4,1,1,Leave
56,141055,15,7,0,1,36,6,Stay
21,53803,9,8,1,7,15,5,Stay
26,25776,0,4,1,8,27,8,Leave
23,135461,14,10,0,6,28,1,Stay
36,28283,18,5,0,4,32,4,Stay
31,159301,19,8,1,7,35,6,Leave
54,147779,20,5,0,6,4,6,Stay
45,70638,9,10,0,10,42,4,Stay
24,102272,14,5,1,3,37,6,Leave
44,27999,15,9,1,1,50,7,Leave
54,95143,1,7,0,7,42,9,Stay
59,39454,12,10,1,2,46,0,Stay
58,103703,3,5,1,2,41,0,Stay
44,82000,4,7,1,1,48,7,Leave
44,146496,12,7,0,10,6,2,Stay
51,128927,13,7,0,7,43,2,Stay
49,56150,1,5,0,10,25,6,Leave
28,56519,10,4,1,6,35,1,Leave
49,75982,17,6,1,5,1,3,Stay
44,83886,1,3,0,7,36,0,Stay
30,107642,16,8,0,6,29,3,Stay
21,84914,4,1,0,3,33,4,Stay
58,80861,5,9,0,9,9,8,Stay
24,77408,3,9,1,6,4,1,Stay
52,155642,16,7,1,1,21,10,Stay
44,87393,8,8,0,2,18,4,Stay
23,62311,4,7,1,4,30,6,Leave
45,142586,18,4,1,4,47,0,Leave
51,107937,18,10,1,5,46,5,Stay
37,52707,11,10,1,3,28,3,Stay
57,117587,3,9,0,4,47,5,Stay
43,56742,0,2,1,8,34,7,Leave
43,71903,11,5,0,6,27,8,Stay
27,150944,5,1,1,7,38,2,Leave
25,28952,7,8,1,6,10,0,Stay
60,50767,5,4,0,7,11,5,Stay
54,113781,1,2,1,9,28,8,Leave
30,50215,1,2,0,9,40,9,Leave
25,113348,14,4,1,2,2,10,Leave
25,100398,17,7,1,3,25,4,Stay
39,158314,19,9,0,2,4,4,Stay
56,56378,6,4,1,2,45,3,Leave
23,90940,3,8,1,9,22,10,Stay
32,32117,12,9,1,5,6,6,Leave
48,51206,6,4,0,7,22,8,Stay
34,27641,5,6,0,5,15,7,Stay
31,114263,18,10,1,2,34,7,Stay
34,75108,10,5,1,7,48,6,Leave
48,102170,7,7,1,4,13,3,Stay
58,124305,5,2,0,6,31,5,Leave
41,81080,5,9,0,2,21,6,Stay
33,111188,2,3,0,5,5,5,Stay
28,149734,16,1,0,1,19,8,Stay
37,55458,12,3,1,3,3,5,Leave
52,143576,9,6,1,4,37,2,Leave
35,113723,0,4,0,4,4,1,Leave
49,26531,2,10,0,5,32,10,Stay
22,137126,14,9,1,7,28,1,Stay
55,98984,1,3,0,7,34,8,Leave
40,90769,11,1,1,8,39,7,Leave
22,84182,5,9,0,8,5,10,Stay
31,123071,18,8,0,8,25,0,Stay
58,54517,4,9,0,5,23,2,Stay
47,70917,5,10,1,1,11,8,Leave
48,102718,16,8,1,9,50,4,Leave
29,69301,17,7,0,8,35,7,Stay
51,79451,20,7,1,10,44,0,Stay
35,43961,5,9,1,3,15,8,Stay
40,133557,9,3,0,8,18,3,Stay
51,68558,15,9,1,1,47,3,Leave
47,74437,13,2,1,9,35,7,Leave
37,48703,8,4,0,1,15,5,Stay
54,20274,1,1,0,10,14,7,Leave
59,41959,5,1,0,6,23,8,Stay
36,86084,17,9,1,7,20,7,Leave
28,40285,15,2,1,3,8,2,Leave
42,138470,20,10,1,1,44,10,Stay
36,87146,6,3,0,2,3,8,Leave
30,120684,14,1,1,5,8,5,Leave
37,148304,1,1,1,8,34,10,Leave
43,41869,3,1,1,5,37,7,Leave
40,77357,10,2,1,6,20,9,Leave
21,147797,12,8,0,8,10,5,Stay
52,81744,9,8,0,7,46,10,Stay
26,70847,1,8,1,7,29,1,Leave
57,123730,4,8,1,2,20,9,Leave
43,95483,13,9,1,3,36,2,Stay
54,142014,2,6,1,1,11,5,Stay
23,25344,1,4,0,1,7,8,Stay
46,141289,13,4,0,4,27,3,Stay
24,136418,14,3,0,2,27,1,Stay
45,63386,17,10,1,1,5,3,Leave
42,48150,17,2,1,9,16,5,Stay
53,31687,16,1,1,7,41,6,Leave
32,74333,3,10,0,3,16,3,Stay
48,118135,17,1,0,8,43,9,Leave
23,61352,20,3,0,4,48,5,Leave
47,150141,7,6,0,5,5,0,Stay
23,52500,18,7,0,3,5,3,Stay
60,42898,10,7,0,10,38,6,Stay
48,103026,8,4,1,10,3,1,Leave
55,75624,7,10,0,4,3,3,Stay
55,46842,16,7,1,4,7,10,Leave
57,44604,6,2,1,1,37,6,Leave
35,143406,13,6,0,6,24,10,Stay
49,44674,8,1,1,8,9,4,Leave
58,112746,10,1,1,5,33,7,Leave
50,42102,8,5,1,4,12,3,Stay
25,96973,18,7,1,1,8,8,Leave
31,142614,1,7,1,1,40,10,Leave
53,51798,1,7,1,6,11,9,Leave
37,59041,3,6,1,6,47,3,Leave
36,140591,17,3,1,8,25,7,Leave
23,22300,17,1,1,6,20,8,Leave
26,146567,4,4,1,6,34,4,Leave
47,113633,9,8,1,4,7,6,Stay
28,38534,7,6,1,9,41,10,Leave
53,64218,10,5,0,3,46,10,Leave
29,39541,3,5,1,6,49,2,Stay
24,111228,8,2,1,8,39,3,Leave
56,25302,6,1,0,3,39,1,Leave
51,139753,12,4,0,9,9,4,Leave
23,139931,1,8,0,7,49,8,Stay
49,86008,16,4,0,7,19,0,Leave
21,132311,19,4,1,4,24,8,Leave
47,136149,12,1,0,5,41,1,Leave
58,145045,18,7,0,6,3,8,Stay
30,142607,3,4,1,2,42,10,Leave
45,33789,8,7,0,2,50,9,Leave
54,78479,7,2,0,2,22,2,Stay
27,155553,2,7,1,2,21,10,Leave
36,74063,12,5,1,1,45,5,Stay
32,133673,20,2,0,9,16,1,Stay
47,73782,20,10,1,3,14,0,Leave
48,79362,18,5,1,9,20,10,Leave
32,80470,17,8,1,7,43,4,Leave
55,152214,13,7,0,2,16,9,Leave
46,96135,3,8,1,8,35,1,Leave
50,38483,9,6,1,7,29,3,Stay
55,121743,8,6,0,9,47,4,Stay
22,54481,11,6,0,3,8,7,Stay
54,36743,17,3,0,4,11,5,Leave
58,134107,7,1,0,9,44,8,Leave
34,112952,7,7,1,5,50,1,Leave
59,133429,0,6,1,5,46,4,Leave
21,85818,10,10,1,6,12,2,Leave
32,154118,18,9,1,10,37,8,Stay
42,56374,4,4,1,3,26,5,Leave
32,153878,11,1,1,3,35,2,Leave
23,20382,0,8,1,6,11,0,Leave
31,142151,0,3,0,1,3,5,Leave
46,157048,1,1,1,6,4,5,Stay
58,106344,14,6,1,4,26,8,Leave
38,77594,12,7,0,9,3,7,Stay
31,23383,6,7,1,8,30,10,Stay
49,96627,16,7,0,6,48,3,Leave
27,37303,14,4,1,4,35,9,Leave
27,104047,10,4,1,4,8,9,Leave
39,73343,6,6,1,6,18,1,Stay
53,55895,1,5,0,1,46,5,Leave
51,59414,1,2,1,2,10,1,Leave
48,149056,5,1,1,8,12,1,Leave
37,80903,16,1,1,6,7,6,Leave
24,57712,20,3,1,2,14,3,Stay
23,28873,14,7,0,2,3,10,Stay
26,146598,6,10,1,2,48,2,Leave
37,102230,0,3,1,3,47,8,Leave
22,89971,7,10,0,5,9,6,Stay
34,78822,5,8,1,10,48,0,Stay
41,125134,13,4,0,10,21,10,Stay
45,150799,4,10,1,9,25,10,Stay
38,69634,18,6,1,5,10,6,Stay
57,116014,17,8,1,5,2,3,Stay
23,62460,16,6,0,4,50,0,Stay
29,41478,18,9,0,8,2,6,Stay
44,33784,2,8,0,6,24,8,Stay
43,122475,6,7,0,7,32,2,Stay
58,100859,19,5,0,7,43,10,Stay
26,128388,15,6,1,7,36,10,Stay
30,72790,9,7,1,2,32,4,Stay
40,55569,12,4,0,2,29,0,Leave
24,56259,14,2,1,1,7,1,Leave
21,65967,18,8,1,10,45,4,Leave
52,90264,3,10,1,1,9,0,Stay
53,152659,18,6,1,10,34,10,Leave
46,139234,9,1,1,9,20,6,Leave
25,151714,1,4,1,8,34,9,Leave
46,128051,17,5,1,5,22,5,Stay
50,61403,7,10,1,9,20,10,Leave
55,114531,12,3,0,1,46,8,Leave
27,86055,14,1,1,10,8,0,Leave
37,42487,18,3,0,5,31,1,Leave
32,73809,13,5,1,6,20,4,Leave
28,82039,15,9,0,2,32,2,Stay
47,38536,16,2,1,5,33,6,Leave
23,140610,18,9,0,6,12,9,Stay
26,155841,18,9,0,2,5,5,Stay
23,144897,9,7,0,3,11,1,Stay
60,86860,8,8,1,6,19,3,Stay
24,103333,4,2,0,2,28,2,Stay
22,131034,14,6,0,2,31,7,Stay
30,22372,2,3,1,10,8,5,Stay
25,96724,4,8,1,7,6,0,Leave
29,85735,18,4,0,4,19,3,Stay
53,109458,4,1,1,7,20,7,Leave
32,143271,1,8,0,1,4,1,Stay
42,52252,15,5,0,8,37,1,Stay
57,118120,11,4,1,8,33,4,Leave
34,131131,9,9,1,4,9,8,Stay
53,27075,0,5,0,9,9,5,Leave
41,118606,6,2,1,10,36,10,Leave
59,97480,19,5,1,2,17,8,Leave
37,112692,18,10,1,8,8,10,Stay
28,29047,15,6,1,2,36,5,Leave
31,49880,11,9,1,10,35,0,Stay
22,42607,15,7,0,5,38,9,Stay
30,34716,18,6,0,8,44,10,Stay
46,68238,7,5,0,10,11,5,Stay
55,158715,20,4,1,3,12,6,Leave
35,44851,18,1,1,1,15,3,Leave
31,111072,10,1,1,6,19,0,Leave
57,155091,7,7,0,8,25,0,Stay
41,71531,16,8,0,6,36,3,Stay
22,155879,5,5,0,10,42,1,Stay
58,90239,19,7,0,10,5,2,Stay
47,75213,17,9,1,5,45,7,Stay
29,25810,15,7,1,8,14,2,Leave
29,77534,18,9,1,10,3,6,Stay
35,75723,19,10,1,2,20,1,Stay
25,130607,3,9,0,9,18,9,Stay
53,140998,11,3,1,8,1,2,Leave
37,122351,13,3,0,2,31,10,Leave
55,78758,7,6,0,10,23,6,Leave
41,116683,20,7,0,10,29,8,Stay
60,123371,8,9,1,6,21,10,Stay
53,93657,6,4,1,8,23,10,Leave
21,151057,20,4,1,10,46,1,Leave
22,71195,7,10,1,9,42,7,Leave
43,113602,12,9,1,8,15,1,Stay
30,50850,12,10,1,3,48,4,Stay
39,81532,8,2,0,2,10,0,Leave
43,62104,0,3,1,8,39,9,Leave
31,31486,4,2,0,6,18,8,Leave
46,33403,13,6,1,5,20,9,Leave
41,51221,6,1,0,10,17,0,Stay
29,47594,7,10,1,7,50,8,Leave
52,145544,8,2,0,10,30,10,Stay
53,42414,7,4,0,7,28,3,Leave
51,55829,8,2,1,4,19,5,Leave
39,62497,13,3,1,10,26,6,Leave
39,71964,14,9,1,3,27,6,Leave
53,147975,3,1,0,9,43,7,Stay
28,49710,6,3,0,7,30,8,Stay
53,108677,20,3,1,4,46,4,Leave
55,81164,9,4,0,2,4,1,Stay
21,129031,16,9,0,5,26,5,Stay
39,55256,0,8,0,9,27,9,Stay
24,37662,8,8,0,4,29,5,Stay
53,99471,18,9,0,4,49,0,Stay
57,26818,7,10,0,4,33,1,Stay
44,135545,7,10,1,8,30,3,Stay
22,93573,20,1,1,1,44,2,Leave
31,120553,4,6,0,10,4,0,Stay
29,105160,6,2,1,9,19,6,Stay
22,100889,18,5,1,4,25,7,Stay
30,143573,10,10,1,5,3,0,Leave
34,53280,11,3,1,8,40,5,Leave
32,31118,11,9,1,7,8,2,Stay
29,95550,2,8,0,6,23,6,Stay
37,89116,0,9,0,9,18,8,Leave
56,127831,2,3,1,9,33,9,Leave
32,50098,3,7,0,1,50,10,Stay
48,152444,3,2,1,10,13,2,Stay
41,35653,10,6,1,7,26,1,Stay
42,61598,5,6,0,9,28,1,Stay
49,72119,15,3,1,1,34,3,Leave
38,73409,11,6,1,3,13,2,Leave
51,159456,10,1,0,5,10,6,Stay
60,79378,9,2,1,8,7,7,Leave
23,54415,9,5,1,5,48,6,Leave
35,79049,13,4,0,4,35,9,Stay
36,89055,19,8,0,3,16,10,Leave
29,121994,18,4,1,10,38,5,Leave
42,52897,14,10,0,8,41,7,Stay
40,83351,14,2,0,9,9,0,Stay
47,57465,20,9,1,3,10,4,Stay
34,145094,17,7,1,2,38,4,Stay
46,112402,7,4,1,3,13,6,Leave
48,157317,20,8,1,7,31,5,Leave
34,36137,9,8,0,1,27,1,Stay
35,26171,0,9,1,5,17,3,Leave
56,22033,1,3,1,3,16,4,Leave
53,56404,7,6,1,6,35,5,Leave
58,49658,16,3,0,4,2,6,Leave
47,145094,0,6,1,5,29,6,Leave
54,122340,19,7,1,10,23,8,Stay
36,111450,11,4,0,3,49,9,Leave
24,114651,14,1,0,7,47,6,Stay
21,65351,5,4,0,2,2,9,Stay
26,101509,8,10,1,7,46,6,Leave
37,36780,6,5,0,2,7,2,Stay
26,51942,6,2,0,9,24,1,Stay
52,121748,18,4,1,10,32,4,Leave
43,77924,0,2,1,9,41,5,Leave
45,153674,3,7,1,5,27,6,Stay
39,139932,14,8,1,6,8,8,Leave
51,75227,13,4,1,2,48,4,Leave
26,33758,15,10,1,3,42,3,Leave
37,40499,18,5,1,5,18,5,Leave
49,28550,17,10,1,6,26,6,Leave
56,96394,20,3,1,8,22,0,Leave
58,61511,0,10,0,3,44,9,Leave
56,66454,19,6,1,7,17,3,Stay
48,76903,5,9,1,7,17,10,Leave
41,70419,18,3,0,5,34,8,Leave
59,125159,19,2,1,6,25,0,Leave
45,146440,4,8,1,9,36,10,Stay
21,95978,2,1,0,9,19,6,Leave
50,77258,16,10,1,7,9,7,Leave
41,153230,6,10,1,9,19,2,Leave
55,136653,13,8,0,4,45,4,Stay
56,114242,18,9,0,10,45,4,Stay
27,83701,1,6,1,6,13,8,Stay
41,35977,9,7,1,5,16,6,Stay
33,41366,4,5,1,6,22,3,Stay
57,133187,12,5,1,5,48,8,Leave
54,103070,7,2,1,2,49,6,Leave
49,131832,0,8,0,4,36,5,Stay
38,63381,5,4,0,2,28,3,Leave
50,64609,19,5,0,9,16,3,Stay
51,72353,6,2,1,7,44,10,Leave
40,42473,14,2,1,7,17,4,Leave
53,59351,15,6,0,3,27,0,Stay
41,91593,10,3,0,4,37,3,Leave
31,61445,14,8,1,10,45,0,Stay
50,135200,16,4,1,1,42,2,Leave
44,88387,15,3,0,6,9,2,Stay
30,37604,7,5,1,8,19,0,Leave
52,90855,1,10,0,7,49,2,Stay
51,99783,9,6,0,2,29,10,Stay
30,111508,1,8,1,1,20,0,Leave
25,22066,14,10,0,2,34,6,Leave
56,40620,10,5,0,4,42,10,Leave
49,54619,6,3,1,6,14,0,Leave
47,93977,16,9,0,1,50,4,Leave
28,44994,15,6,0,5,18,2,Stay
55,31694,1,2,1,4,29,9,Leave
31,25855,18,10,1,9,18,1,Stay
53,66833,12,5,1,5,45,5,Stay
41,40236,2,10,0,5,44,10,Leave
40,60066,2,6,0,10,41,2,Stay
28,70321,5,5,1,7,32,0,Leave
50,145363,1,7,0,10,9,9,Stay
42,87852,6,8,0,4,14,1,Stay
58,56099,13,6,0,8,40,3,Stay
60,131434,4,1,1,9,50,0,Leave
32,154044,11,3,0,6,12,8,Stay
30,36717,3,1,1,2,30,8,Leave
38,155522,5,9,1,4,5,7,Stay
29,36551,0,8,1,7,40,7,Leave
22,100419,16,3,1,4,4,10,Leave
58,50351,17,4,1,1,2,7,Leave
27,21179,14,8,1,9,38,3,Leave
35,118147,14,6,1,2,33,8,Leave
35,21236,5,5,1,4,44,6,Leave
53,23277,12,5,0,5,30,9,Stay
26,61172,14,1,0,5,44,1,Stay
45,55512,6,5,1,8,38,8,Leave
26,38022,0,7,0,6,46,4,Stay
37,150247,3,1,0,3,7,2,Stay
45,147981,9,9,1,8,43,6,Leave
46,82062,11,8,0,4,17,3,Stay
28,94903,4,7,0,7,42,0,Stay
44,141163,12,2,1,4,10,6,Leave
43,156364,0,1,0,10,6,10,Stay
44,46909,6,1,0,3,19,9,Leave
31,135596,1,6,0,5,1,6,Leave
35,132667,20,3,0,10,14,1,Leave
27,81546,0,8,1,1,38,5,Leave
43,127492,15,3,1,3,48,9,Leave
36,41666,11,5,1,5,40,9,Leave
31,121019,2,3,0,5,47,10,Leave
54,64382,6,9,1,3,37,3,Leave
35,107091,16,7,0,7,38,5,Stay
55,111790,17,6,1,1,6,5,Stay
46,62074,20,6,0,3,39,8,Stay
49,41414,5,10,1,10,14,9,Leave
38,88994,5,2,0,1,36,3,Stay
58,58690,16,5,1,7,8,9,Stay
30,58465,0,3,1,5,24,4,Leave
34,103425,9,8,1,4,39,9,Leave
26,115222,20,4,1,10,39,7,Leave
31,126684,15,7,1,5,14,6,Stay
37,37849,20,1,1,6,5,10,Leave
37,42748,4,5,0,5,7,2,Stay
42,96546,7,9,0,7,7,4,Stay
39,131695,18,4,0,9,44,4,Leave
26,73595,16,8,0,5,29,8,Stay
33,156215,15,7,1,1,27,0,Stay
53,86007,14,3,0,2,40,9,Stay
55,53294,1,3,0,4,7,7,Stay
50,93066,6,1,1,3,19,6,Leave
55,34254,2,6,0,3,5,3,Stay
56,66346,0,3,0,5,41,1,Stay
35,115915,15,7,1,2,10,2,Stay
59,106925,14,3,0,7,49,10,Leave
30,114905,16,3,0,6,45,1,Leave
27,98688,10,3,1,3,13,7,Leave
57,148847,1,7,1,6,6,3,Leave
24,103308,13,9,1,1,29,3,Stay
32,130986,10,4,1,3,35,9,Leave
26,32858,9,7,1,3,39,5,Leave
55,35045,4,7,1,6,27,0,Stay
57,127192,5,7,1,5,44,3,Leave
45,27450,18,3,0,6,41,1,Leave
57,85919,13,3,0,6,14,4,Leave
37,148912,15,5,0,1,23,6,Stay
52,74856,11,7,1,2,5,7,Leave
32,118474,5,10,0,4,14,5,Stay
27,118170,2,2,0,9,34,10,Leave
45,29542,15,10,1,2,46,2,Leave
33,66945,3,10,1,5,17,9,Stay
41,62741,0,2,1,2,41,0,Leave
25,80261,0,5,1,1,12,4,Leave
30,47087,16,6,1,2,6,5,Leave
22,118130,13,9,0,8,42,3,Stay
58,153766,3,4,0,5,12,8,Leave
56,143530,14,4,0,9,29,2,Leave
36,64794,3,3,1,2,9,5,Stay
26,51588,3,6,1,1,2,1,Leave
23,40982,9,3,1,8,19,6,Leave
33,59344,5,1,0,8,50,9,Stay
31,71831,15,2,0,3,17,10,Stay
22,55580,1,9,1,10,13,5,Stay
32,20225,14,1,0,6,20,8,Leave
40,110804,4,2,1,10,39,2,Leave
46,38437,18,9,1,5,20,0,Stay
25,134441,1,6,0,5,36,1,Stay
33,35300,5,8,1,4,50,8,Leave
35,26150,20,8,0,1,16,6,Stay
22,143355,13,3,1,9,19,7,Leave
38,58499,3,9,0,6,33,4,Stay
50,119972,10,3,1,3,33,3,Leave
22,132547,14,5,0,4,14,5,Stay
36,157564,10,9,1,5,21,6,Stay
30,146587,6,2,0,9,28,7,Stay
54,146278,20,5,1,5,35,9,Leave
42,72979,17,3,0,5,19,4,Leave
22,22648,9,6,1,2,49,9,Leave
49,136626,11,2,0,6,17,5,Stay
54,143896,20,8,1,1,11,6,Stay
35,35404,12,7,1,6,12,9,Leave
27,30116,13,4,1,9,38,4,Leave
36,48483,11,4,0,5,48,9,Leave
32,92358,20,10,0,8,4,8,Stay
23,44454,6,8,1,10,28,8,Stay
35,29504,1,10,0,6,46,3,Leave
44,78021,15,1,0,6,2,4,Stay
59,69266,14,2,1,6,23,0,Stay
34,23982,6,5,1,1,5,9,Leave
36,67523,4,6,1,7,16,0,Stay
35,94641,8,5,1,3,18,0,Stay
23,65877,1,10,0,3,29,6,Leave
40,39170,15,1,1,7,34,7,Leave
48,139895,3,5,1,6,10,8,Leave
37,61791,9,5,0,3,5,9,Stay
56,31949,14,3,0,5,17,0,Stay
21,130568,5,8,0,1,33,8,Stay
52,28714,13,2,1,2,37,7,Leave
53,106753,8,10,1,4,45,0,Stay
37,145902,2,7,0,5,8,2,Stay
53,90250,1,3,1,3,27,2,Leave
25,114916,3,6,0,8,46,10,Stay
56,40483,19,4,1,6,32,4,Leave
32,136923,9,1,0,3,10,4,Stay
39,128284,14,1,1,5,19,2,Stay
54,67185,2,5,0,2,9,7,Stay
48,80177,13,8,1,10,17,10,Leave
50,70912,2,2,1,9,24,7,Leave
45,30238,19,3,0,8,12,0,Leave
52,151776,1,1,0,4,25,8,Stay
46,73178,11,8,1,4,24,5,Leave
52,53419,13,8,1,7,10,8,Stay
57,53728,1,4,1,9,3,2,Leave
51,75071,5,2,1,6,28,4,Stay
34,40130,5,5,1,1,34,9,Leave
47,131898,16,4,1,5,23,2,Leave
35,131644,10,4,1,4,27,2,Leave
60,38072,8,5,0,9,28,1,Stay
56,75649,19,10,0,7,12,9,Stay
21,31975,16,7,1,1,17,7,Leave
45,139418,8,2,0,7,27,6,Leave
49,112046,1,8,1,5,23,3,Leave
28,57613,19,5,1,2,2,10,Stay
36,41307,8,10,1,2,12,1,Stay
37,127141,13,10,0,1,38,5,Stay
30,62703,11,8,1,8,23,6,Stay
46,101196,20,9,0,8,29,7,Leave
27,28856,7,2,0,7,6,4,Leave
44,101170,16,2,1,8,30,3,Leave
47,149429,8,1,0,8,14,0,Stay
52,97369,15,1,0,8,24,0,Leave
47,149270,0,5,0,8,22,2,Stay
51,68314,14,6,0,10,13,4,Stay
28,146442,10,3,0,8,45,2,Stay
32,23859,13,8,1,2,44,2,Leave
36,134312,13,3,0,4,7,5,Stay
28,44994,16,8,0,3,27,1,Stay
31,89156,0,7,1,10,48,2,Leave
38,21287,2,7,1,1,23,1,Leave
55,33255,12,8,1,2,14,2,Stay
35,97310,16,6,1,2,49,6,Leave
22,25392,15,10,1,6,35,10,Leave
44,77549,4,1,0,8,10,5,Leave
57,121967,16,9,0,3,28,8,Stay
28,77562,18,9,0,2,48,6,Leave
45,67937,9,9,0,8,39,10,Stay
30,155798,15,10,1,9,49,7,Leave
49,151083,15,1,0,5,23,6,Stay
22,24571,7,2,1,3,19,3,Leave
32,82753,16,5,1,5,5,5,Stay
60,102254,12,9,0,4,41,4,Stay
33,52299,20,5,1,9,18,7,Stay
32,93214,19,3,1,7,37,5,Leave
27,48849,12,3,1,5,50,7,Leave
60,30459,9,10,1,8,47,9,Stay
43,97448,13,10,1,2,2,8,Leave
27,110115,10,3,0,4,45,7,Stay
52,42210,10,5,1,1,48,0,Leave
45,81194,12,5,1,3,32,4,Leave
52,62141,20,5,0,9,5,10,Stay
29,147582,2,2,1,3,4,1,Leave
56,20050,19,9,1,8,26,3,Stay
21,69276,13,1,0,9,40,3,Leave
47,156461,1,10,0,1,5,1,Stay
34,88185,9,9,1,8,36,7,Stay
39,70618,4,3,1,3,19,2,Stay
58,81502,8,1,0,8,28,9,Leave
39,77938,18,7,1,9,21,0,Stay
48,70164,11,10,1,10,41,2,Stay
32,77278,7,5,0,9,28,10,Stay
33,121501,19,10,0,6,13,9,Stay
25,134181,17,2,0,5,29,4,Stay
52,100347,18,3,1,4,17,3,Leave
33,64029,0,6,0,5,14,5,Stay
60,155069,20,6,1,9,36,6,Leave
26,117134,7,6,0,7,5,2,Stay
37,129901,1,10,0,5,39,1,Stay
24,76476,3,10,1,4,34,7,Leave
57,159712,1,4,1,9,34,6,Leave
23,122945,2,5,0,10,41,1,Stay
28,23964,5,2,1,10,17,2,Leave
30,143641,2,8,1,2,4,1,Stay
32,31062,5,2,0,1,50,7,Leave
30,42041,19,1,0,3,4,9,Stay
35,119760,15,7,1,8,37,8,Leave
41,158938,12,5,1,6,5,10,Stay
45,96529,13,1,1,10,16,3,Leave
32,22497,7,4,0,9,16,2,Stay
49,55781,17,1,1,4,11,3,Stay
51,72991,8,1,0,8,27,10,Stay
37,88681,15,6,1,8,50,10,Leave
45,27545,3,1,1,4,2,2,Leave
21,143855,4,2,1,1,28,7,Leave
60,131474,17,1,1,7,2,1,Leave
60,23926,12,10,1,4,34,1,Leave
55,39227,10,6,1,4,9,10,Stay
32,62627,12,7,1,5,32,4,Leave
58,35491,10,6,0,6,32,0,Stay
59,47304,1,10,1,5,33,5,Leave
46,56147,11,2,1,2,3,10,Leave
23,146197,8,7,0,1,17,8,Stay
49,92888,7,4,0,3,25,5,Leave
28,150980,3,4,0,4,23,4,Stay
31,74210,13,10,1,9,45,10,Leave
43,50295,5,4,0,9,22,7,Leave
52,159745,10,6,0,7,25,2,Stay
46,97021,18,1,1,10,41,3,Leave
49,115054,9,4,0,6,26,9,Leave
21,30577,20,10,1,2,33,6,Leave
34,117715,5,3,0,6,22,5,Stay
37,83649,9,6,0,5,24,8,Stay
57,31996,10,5,1,7,6,7,Leave
29,71873,1,1,1,1,42,6,Leave
40,133096,11,3,1,4,36,4,Stay
34,88028,4,8,1,10,50,8,Stay
55,24347,0,1,1,7,11,4,Leave
27,74850,13,9,1,2,37,6,Leave
57,59797,8,6,0,4,41,2,Stay
60,158566,3,3,0,6,16,7,Stay
23,93913,17,1,1,9,45,2,Leave
36,66657,20,1,0,3,49,5,Leave
53,120027,10,1,0,3,45,2,Stay
52,137081,6,1,0,9,41,2,Stay
30,157081,8,5,1,2,5,2,Stay
49,79512,4,1,1,9,45,10,Leave
33,129156,16,1,1,1,22,9,Leave
30,40700,16,3,1,10,2,7,Leave
29,85547,20,3,1,1,28,3,Leave
23,101910,13,8,1,3,50,3,Stay
34,157786,9,4,1,10,50,5,Leave
60,99686,6,4,0,3,27,2,Stay
36,46777,0,9,0,1,30,8,Leave
25,63691,18,10,1,1,46,10,Leave
40,102834,15,5,0,9,11,0,Stay
37,139707,0,1,0,5,42,10,Leave
35,111911,7,10,1,4,29,2,Stay
31,38542,0,2,0,1,1,8,Leave
24,144302,15,3,1,4,20,5,Leave
40,115162,11,9,1,9,42,3,Leave
49,108821,11,1,0,1,40,5,Stay
43,38597,5,10,0,5,8,6,Stay
31,89620,14,2,0,1,6,9,Stay
35,113565,9,9,0,1,28,5,Stay
49,93726,15,2,1,9,43,7,Leave
45,66730,5,7,1,5,32,9,Stay
45,96993,11,10,1,9,1,9,Leave
60,67209,17,6,1,3,42,5,Leave
47,124762,4,4,0,9,45,1,Stay
27,49763,10,8,0,9,22,3,Stay
40,108891,9,2,1,10,46,9,Leave
23,54269,9,10,0,4,25,6,Stay
48,89569,14,5,0,1,4,1,Stay
55,101240,6,1,1,10,42,2,Leave
58,31967,1,5,0,1,41,0,Leave
45,57821,8,2,1,6,35,6,Leave
49,117515,19,7,1,8,2,6,Stay
54,35424,19,9,0,4,20,8,Stay
50,118777,20,4,0,4,42,7,Stay
31,76732,20,4,1,2,49,9,Leave
58,83528,5,4,0,2,47,4,Stay
45,98281,3,10,1,4,4,6,Stay
50,126645,10,4,0,2,25,9,Leave
52,94112,18,1,0,10,27,5,Stay
57,155048,4,9,0,9,5,10,Stay
31,51161,8,8,1,3,39,5,Leave
30,45068,4,9,0,7,16,1,Stay
29,79009,20,10,0,5,46,3,Stay
30,76928,14,6,1,8,19,6,Stay
54,26259,13,10,1,4,3,2,Stay
40,123843,20,4,1,9,44,10,Leave
25,98641,16,9,0,6,21,1,Stay
23,139349,14,3,0,8,14,9,Leave
45,107731,3,8,0,7,11,0,Stay
40,87578,0,1,0,3,7,8,Leave
34,65955,8,8,0,1,40,9,Stay
21,64398,0,4,0,3,8,1,Leave
28,101566,15,7,0,6,15,6,Stay
60,51684,13,2,1,5,28,4,Leave
39,147719,10,7,1,4,29,9,Stay
35,85147,1,4,1,3,50,8,Leave
60,73233,14,3,0,9,5,10,Stay
23,118140,12,6,1,10,36,3,Stay
24,149567,4,1,0,5,47,5,Stay
55,79801,13,6,0,6,2,7,Stay
42,136569,11,6,0,4,26,9,Stay
40,150097,7,3,1,2,42,1,Leave
21,72489,6,2,1,3,11,7,Leave
34,138954,7,8,0,2,49,4,Stay
22,76659,15,9,0,1,8,9,Stay
51,122349,6,8,0,4,36,7,Stay
48,78411,8,2,1,2,19,4,Leave
42,132554,5,3,0,5,31,3,Leave
29,146147,15,4,1,1,36,5,Leave
41,51284,2,4,0,8,17,10,Stay
30,147367,13,3,0,6,5,6,Leave
54,88952,5,8,0,7,6,3,Stay
43,25775,9,10,1,6,50,8,Leave
48,58271,11,6,1,10,29,4,Leave
46,68556,7,4,1,1,26,8,Leave
25,59344,13,2,0,4,22,5,Stay
36,126714,16,6,1,9,21,4,Stay
32,129509,6,7,1,6,9,2,Stay
23,39740,10,6,0,2,10,1,Stay
47,85428,18,4,0,5,44,10,Leave
22,39833,4,8,1,8,47,6,Leave
41,41043,1,2,1,4,14,0,Leave
58,51585,11,8,0,7,48,4,Stay
25,22316,7,6,1,7,18,0,Stay
33,65674,13,7,0,8,32,10,Stay
49,98030,7,4,1,7,48,0,Leave
55,134852,1,10,1,3,22,0,Leave
23,51892,19,10,0,2,5,5,Stay
55,125517,15,4,0,10,4,1,Stay
23,72728,9,5,0,5,4,9,Stay
30,152057,1,9,1,9,1,9,Leave
25,44855,11,9,1,5,8,7,Stay
30,127401,13,10,0,1,17,5,Stay
44,63275,12,2,1,3,27,10,Leave
48,79826,8,1,1,5,7,3,Leave
31,121928,5,8,0,6,43,3,Stay
55,95938,16,9,1,4,27,1,Leave
48,109087,14,6,1,3,35,0,Leave
48,84222,19,3,1,9,38,8,Leave
41,91377,5,3,0,4,14,1,Leave
35,129358,7,3,0,3,20,7,Stay
34,25118,8,1,0,7,36,4,Leave
24,135916,8,3,1,7,9,9,Leave
27,37147,17,9,0,5,42,7,Leave
23,110585,10,7,0,10,21,6,Stay
60,148867,8,9,1,6,26,7,Leave
47,122327,12,8,0,6,24,0,Stay
47,78843,3,7,0,3,27,5,Stay
40,141902,19,10,0,5,46,1,Stay
58,58122,12,8,1,8,34,4,Leave
36,81608,15,9,1,10,12,0,Stay
22,79030,6,9,1,1,20,8,Stay
27,66128,0,9,0,10,10,8,Stay
60,23535,16,6,1,2,29,1,Leave
28,122325,14,10,0,6,44,1,Stay
31,26397,8,2,0,4,23,8,Leave
31,29075,1,6,1,10,40,1,Leave
25,43508,6,10,0,1,41,10,Stay
40,62008,16,1,1,5,3,9,Leave
49,132259,16,5,1,10,13,0,Leave
60,89351,6,4,1,10,5,9,Leave
37,20213,1,7,0,10,14,3,Leave
27,152398,11,4,1,7,34,4,Leave
58,72805,17,8,0,2,43,0,Stay
57,147857,4,6,0,2,48,1,Leave
49,151958,6,3,0,4,20,7,Leave
39,43627,0,2,0,9,45,6,Leave
29,122563,9,3,1,8,24,3,Leave
39,104637,13,7,1,1,12,1,Leave
21,37099,7,9,1,1,27,7,Leave
31,40032,6,7,1,6,31,7,Stay
40,134212,4,8,0,10,45,5,Stay
27,89947,15,3,1,8,15,8,Leave
41,152819,18,2,0,10,2,7,Stay
24,56170,11,1,1,6,30,4,Leave
56,59015,5,6,0,1,29,7,Stay
33,118820,14,5,1,2,26,10,Leave
25,128340,13,5,1,7,39,9,Stay
36,35176,5,5,1,1,8,8,Leave
27,47278,18,8,1,7,20,4,Stay
60,131269,5,4,0,6,26,8,Stay
48,123299,10,5,1,6,27,1,Leave
50,128068,15,8,0,3,48,9,Stay
21,89674,2,2,1,10,50,8,Leave
48,82990,11,7,1,1,12,1,Stay
26,46474,15,3,1,8,26,2,Leave
24,132134,7,3,1,2,18,3,Leave
59,93928,20,10,1,5,46,0,Leave
25,104513,12,6,0,9,38,0,Stay
36,39758,2,9,0,9,24,8,Stay
53,115992,18,9,1,6,24,10,Stay
54,69971,16,9,1,3,42,7,Stay
28,122423,4,3,0,3,40,8,Leave
57,85111,16,9,0,7,23,9,Stay
38,33245,3,4,1,9,2,0,Leave
51,135279,12,1,0,1,21,0,Stay
56,63144,9,2,1,3,4,1,Leave
22,85133,12,5,1,10,4,0,Leave
43,72574,15,7,0,8,12,4,Stay
28,155778,9,5,1,7,40,7,Leave
26,48550,18,10,1,7,21,0,Leave
29,142024,20,8,1,7,19,6,Stay
48,156136,18,8,1,2,42,8,Leave
53,96894,7,1,0,5,39,3,Leave
28,95540,12,4,1,1,24,8,Leave
25,33328,13,10,1,6,23,10,Leave
53,136461,6,6,1,6,33,5,Stay
45,139080,12,3,1,7,8,9,Leave
54,99872,12,3,0,10,28,8,Stay
21,138009,9,1,1,3,38,4,Leave
53,49824,5,1,0,8,34,2,Stay
59,58451,15,2,0,5,49,6,Leave
58,122600,5,1,1,4,30,9,Leave
53,126376,0,9,1,5,10,8,Leave
55,51607,6,9,1,5,22,5,Stay
21,37139,15,6,0,7,24,8,Leave
37,121336,16,3,0,1,4,2,Stay
31,64725,6,3,0,3,42,2,Leave
53,127485,12,1,0,2,16,0,Stay
55,86618,9,4,0,2,48,8,Leave
28,121403,16,1,0,3,35,4,Leave
33,153487,15,1,1,3,13,9,Leave
47,147838,3,1,0,3,29,7,Leave
37,31612,14,1,1,9,44,2,Leave
26,128072,14,5,1,3,30,3,Stay
30,23600,2,3,1,4,41,6,Leave
52,47091,17,9,1,3,47,5,Stay
24,24300,4,5,0,8,25,8,Stay
58,133440,8,2,1,4,9,8,Leave
33,154557,16,7,0,5,3,3,Stay
32,130821,9,3,0,7,13,4,Stay
22,124172,6,6,1,5,8,8,Leave
55,72863,2,2,1,10,19,4,Stay
47,114732,14,2,1,4,47,9,Leave
53,66650,2,7,0,5,31,5,Stay
59,29969,7,3,0,10,21,4,Stay
51,72912,10,1,1,1,11,5,Leave
48,59184,17,9,1,8,29,5,Stay
45,43918,17,4,1,8,37,3,Leave
24,105654,13,3,0,10,11,7,Stay
44,104651,17,7,1,9,44,2,Stay
60,103654,19,3,1,1,42,1,Stay
45,27846,4,7,1,3,13,2,Leave
32,128916,0,2,0,10,17,9,Stay
27,139420,2,9,1,9,7,6,Stay
41,96512,5,2,1,4,1,2,Leave
39,44757,11,6,0,1,6,4,Stay
42,95715,5,10,0,3,42,4,Stay
21,115585,18,4,0,10,25,1,Stay
59,121101,4,8,1,5,12,5,Stay
52,107970,4,3,0,10,10,3,Leave
31,159509,2,3,1,10,10,6,Leave
21,97817,5,8,0,3,10,4,Stay
33,82148,9,1,1,6,11,8,Leave
40,97276,12,5,0,7,4,6,Leave
51,124991,3,9,0,1,23,4,Stay
25,144488,4,9,1,5,44,8,Leave
45,121253,19,5,1,9,44,1,Stay
54,105970,20,2,1,3,25,8,Leave
36,103607,1,7,0,8,4,2,Stay
43,45974,14,8,1,3,16,10,Leave
37,65838,15,4,0,7,34,5,Stay
31,86173,17,3,1,4,34,5,Leave
60,71827,18,2,0,5,11,0,Leave
31,98943,17,10,1,1,37,2,Leave
21,98850,10,6,1,10,20,4,Stay
22,112551,8,9,1,1,7,5,Stay
53,44212,2,7,1,8,41,4,Stay
34,136672,15,1,1,2,45,5,Leave
52,153918,15,4,1,10,20,5,Leave
57,30612,20,6,0,10,31,4,Stay
49,40626,12,6,0,4,20,6,Stay
36,159459,6,5,0,8,17,7,Stay
51,132345,13,7,1,1,36,9,Leave
28,69089,8,1,1,2,49,3,Leave
21,149342,10,7,0,9,46,0,Stay
47,127320,17,10,0,9,37,8,Stay
34,46444,12,5,1,8,23,4,Stay
50,76771,6,7,0,5,43,1,Stay
39,54243,9,3,1,8,48,0,Leave
36,47629,20,2,1,10,45,4,Leave
60,46478,3,10,1,2,47,1,Leave
27,76856,16,7,0,7,35,3,Stay
25,53124,2,1,0,5,1,0,Stay
31,61460,1,2,1,10,48,3,Leave
27,148211,9,2,0,8,1,8,Leave
40,106868,19,9,1,3,4,7,Stay
47,115412,7,2,1,5,30,5,Leave
50,35084,15,10,0,2,43,3,Stay
51,66833,11,1,0,2,9,9,Leave
43,151710,4,6,1,6,8,5,Stay
36,35674,13,9,1,6,7,2,Leave
52,40246,16,7,0,2,29,3,Stay
56,103618,20,6,1,3,25,7,Stay
59,39580,13,6,1,5,4,1,Stay
44,136207,9,4,1,9,28,10,Leave
55,24013,0,9,1,3,23,7,Stay
59,62564,6,6,0,7,26,7,Stay
33,120417,8,2,0,5,21,3,Stay
23,77622,5,4,1,1,24,5,Leave
51,97968,3,10,0,2,27,10,Stay
58,80691,11,10,1,2,15,5,Leave
42,78562,4,10,0,2,21,7,Stay
60,143380,1,10,1,2,44,8,Leave
37,112640,14,2,1,3,42,2,Leave
50,60609,19,9,1,6,34,2,Stay
54,50143,20,10,1,6,17,2,Stay
38,96498,4,3,0,10,41,10,Leave
60,64466,20,3,1,2,3,4,Leave
59,52147,12,8,1,6,49,9,Stay
41,126497,19,9,0,5,24,4,Stay
52,126069,20,5,1,3,5,0,Stay
52,29275,5,7,0,9,19,4,Stay
22,125682,15,10,0,3,13,7,Stay
53,87780,12,8,1,7,44,5,Leave
42,138730,12,1,1,9,25,2,Leave
54,95685,1,8,1,8,37,4,Leave
28,66425,11,4,0,2,34,8,Leave
53,140646,17,1,0,4,28,0,Stay
25,64900,18,7,1,10,1,0,Stay
54,79092,3,3,1,6,36,7,Leave
56,56738,11,8,1,7,47,9,Stay
57,122826,20,1,0,6,27,0,Stay
57,80489,14,7,0,9,50,8,Stay
25,101058,10,4,1,10,13,10,Leave
25,81080,3,6,1,9,17,1,Stay
43,121130,19,10,0,4,5,10,Stay
41,73253,4,2,0,2,4,2,Leave
31,131235,11,7,1,5,22,5,Stay
49,134326,7,3,0,2,8,8,Leave
24,108264,8,9,0,4,4,9,Stay
41,103062,18,4,1,3,35,9,Leave
43,78107,11,2,0,9,26,3,Stay
52,124102,14,9,1,1,37,1,Stay
29,92676,13,1,1,10,18,6,Leave
58,114997,8,3,1,9,20,1,Leave
59,134351,3,6,1,2,49,4,Leave
59,156424,20,5,1,7,32,4,Stay
24,24474,14,4,0,5,37,1,Leave
44,34152,6,1,0,1,22,4,Stay
53,43151,14,7,0,10,42,2,Stay
30,121307,18,5,1,7,35,2,Leave
59,105876,19,9,1,7,4,6,Stay
44,125252,16,8,0,4,28,1,Stay
44,20023,16,10,0,9,43,7,Leave
56,128350,10,2,0,4,13,6,Stay
26,46527,8,3,0,3,35,4,Stay
33,70497,2,6,1,8,21,9,Stay
41,31981,14,3,0,8,16,1,Stay
27,137250,8,1,0,2,9,0,Stay
42,142132,3,3,0,1,29,7,Stay
52,125440,18,1,1,10,41,3,Leave
28,106910,16,6,0,1,39,10,Stay
48,81809,20,3,0,7,43,8,Stay
41,116297,0,7,0,6,14,10,Stay
30,118043,16,6,0,6,40,8,Leave
27,110911,2,4,0,1,17,1,Stay
32,145511,17,2,0,1,42,4,Leave
44,61627,9,1,1,2,10,5,Leave
59,25047,0,9,0,1,18,10,Stay
35,53908,14,8,1,1,50,7,Leave
60,129811,0,7,1,8,36,0,Leave
27,90742,17,5,0,3,37,2,Stay
57,36789,7,7,1,8,50,1,Leave
60,117422,0,2,1,9,47,9,Leave
28,119586,17,4,0,9,13,1,Leave
27,32516,15,3,0,9,34,2,Stay
31,23212,0,5,0,9,9,1,Stay
38,122408,14,3,0,8,32,7,Leave
44,44464,0,9,0,4,31,8,Leave
49,142015,15,8,1,8,25,3,Stay
22,111700,2,3,1,10,28,9,Leave
25,94556,19,3,0,6,26,4,Stay
22,125254,18,10,0,10,20,1,Stay
50,60965,6,5,0,2,19,9,Stay
24,55055,12,7,1,3,1,10,Stay
56,113330,2,2,0,10,7,8,Leave
58,40343,11,4,0,9,33,9,Leave
55,33389,4,9,1,2,45,1,Leave
26,72115,10,5,0,10,25,7,Stay
26,66979,16,3,0,5,40,5,Leave
50,120104,6,10,1,4,8,6,Stay
41,80244,16,1,0,5,6,5,Stay
44,104608,2,1,1,1,47,3,Leave
60,142382,5,10,1,7,34,1,Stay
59,67248,16,8,1,9,33,3,Leave
54,136920,7,7,1,1,1,4,Stay
59,139294,12,3,0,8,34,7,Leave
31,59411,11,5,1,3,44,9,Leave
23,47486,13,4,1,7,44,2,Leave
49,53293,18,8,0,5,29,4,Stay
53,147632,6,1,0,4,20,2,Leave
35,100161,11,6,0,5,35,9,Stay
31,111172,20,10,1,8,29,10,Leave
24,133658,20,10,0,10,42,5,Stay
57,126716,7,9,1,4,11,3,Stay
43,121141,3,5,1,5,3,4,Stay
28,56388,13,3,0,9,34,6,Stay
49,66102,2,9,0,9,28,5,Stay
45,25405,8,9,1,4,30,1,Stay
60,110312,16,7,1,7,4,9,Leave
26,104202,6,1,0,2,45,10,Leave
42,145834,18,6,0,4,21,8,Stay
52,95475,10,2,1,10,50,5,Leave
42,88746,14,3,0,4,16,9,Stay
23,95461,12,1,1,2,37,3,Leave
21,55435,0,1,0,7,31,0,Leave
60,53333,0,7,0,8,50,6,Stay
32,41277,11,8,0,6,48,9,Leave
50,45214,16,7,1,1,25,2,Stay
33,35994,3,6,0,1,41,1,Stay
53,120575,19,5,1,5,31,6,Leave
60,24810,10,4,0,3,7,3,Stay
60,38595,3,7,0,10,33,5,Stay
29,80222,11,8,1,9,5,9,Leave
57,36968,7,7,0,2,11,4,Stay
48,119035,0,7,1,6,50,9,Leave
39,134691,8,3,0,9,38,5,Leave
55,133908,18,4,1,2,33,5,Leave
45,69916,8,5,1,2,17,2,Stay
52,112821,9,6,1,2,7,1,Leave
53,56144,2,5,0,9,32,8,Stay
27,39732,3,5,1,5,6,1,Leave
38,138027,7,1,1,9,44,10,Leave
60,70369,13,5,0,9,36,3,Stay
34,126991,8,2,1,8,35,5,Leave
33,134193,2,8,1,4,14,4,Stay
47,116340,16,3,1,7,2,7,Leave
50,129285,6,9,1,5,38,8,Stay
50,25240,2,1,1,7,25,8,Leave
42,52116,1,6,0,7,13,1,Stay
48,34669,17,10,0,1,43,7,Stay
60,134289,9,2,1,10,15,3,Leave
29,79890,13,4,1,6,41,1,Leave
44,21699,19,8,0,3,47,7,Stay
47,61398,8,8,1,9,48,2,Stay
26,143030,20,8,0,8,16,2,Stay
24,62932,2,10,0,1,46,3,Stay
40,81579,4,6,0,5,49,5,Stay
24,73447,13,5,0,7,17,1,Stay
23,94103,10,8,1,8,41,3,Leave
27,28443,10,10,0,9,20,5,Leave
57,130079,19,1,0,3,35,10,Leave
49,151594,13,9,1,6,18,0,Stay
36,105447,19,9,0,4,19,4,Stay
32,151241,14,10,1,9,46,6,Stay
52,90982,13,7,1,10,23,8,Leave
48,142288,1,9,0,4,43,1,Stay
54,89907,19,9,0,1,16,6,Stay
40,149240,20,5,0,3,20,8,Stay
54,59799,6,4,1,7,11,2,Leave
25,107982,14,2,1,1,17,0,Leave
32,41181,15,7,1,5,47,5,Leave
47,98315,4,6,0,1,15,0,Stay
42,26342,15,2,1,8,27,9,Leave
51,40423,4,7,0,7,15,7,Stay
45,155762,12,1,0,2,35,7,Leave
41,143849,3,2,1,1,36,8,Leave
22,77591,5,7,0,10,9,2,Stay
51,23951,11,4,0,3,47,8,Leave
25,133098,19,4,0,4,10,6,Leave
35,105594,3,7,0,5,47,9,Stay
36,43421,12,9,1,9,47,6,Leave
32,126152,16,2,1,8,24,10,Leave
47,58598,6,2,1,2,43,0,Leave
49,23180,8,8,1,2,37,7,Leave
23,131320,2,3,1,5,26,8,Leave
48,36751,11,4,1,4,34,2,Leave
34,44227,10,7,1,3,34,10,Leave
39,144580,14,10,1,7,6,10,Leave
21,96479,13,4,1,7,10,6,Leave
37,112172,4,9,1,5,4,9,Stay
60,39745,10,8,0,9,2,0,Stay
55,102653,16,7,0,9,18,8,Stay
55,54086,14,5,0,1,22,10,Stay
50,43613,4,4,0,5,9,5,Stay
28,28330,9,8,0,2,7,7,Stay
36,64805,4,3,0,10,26,10,Leave
31,88416,4,6,1,5,45,6,Leave
32,96035,14,2,1,7,11,9,Leave
29,86717,1,4,0,1,46,4,Leave
22,121980,6,7,0,2,5,0,Stay
29,74633,5,10,1,2,42,9,Leave
41,104349,14,8,0,6,39,10,Leave
44,33445,15,2,0,3,11,1,Stay
25,111213,8,3,1,4,31,3,Leave
25,20456,12,4,1,4,28,8,Leave
57,93567,1,1,1,8,21,7,Leave
42,46993,3,4,0,9,21,10,Stay
47,99127,3,1,1,8,2,1,Stay
43,129788,15,3,0,7,36,2,Leave
51,148660,11,9,1,3,8,3,Stay
47,142672,20,5,1,7,4,7,Stay
60,157425,19,7,1,3,30,10,Stay
49,135308,1,1,1,8,5,3,Leave
40,42511,1,7,1,1,36,0,Stay
55,81913,10,2,0,6,3,4,Stay
37,28999,1,4,0,6,22,4,Stay
36,143097,18,3,0,7,41,10,Leave
29,92579,11,9,0,2,35,9,Stay
25,144221,18,7,0,10,38,5,Stay
37,125901,8,6,0,3,2,5,Stay
38,148464,12,2,0,1,20,2,Leave
31,79414,1,1,1,9,17,8,Leave
30,89555,10,5,0,4,20,2,Stay
58,83508,16,10,1,6,22,4,Stay
56,118554,8,7,1,4,11,4,Stay
58,43291,9,4,0,3,48,3,Leave
49,64632,16,9,1,5,43,6,Leave
36,105308,19,9,0,9,3,2,Stay
48,94799,12,5,1,7,7,6,Leave
35,127303,13,8,0,1,17,3,Stay
38,122523,7,4,1,9,30,0,Leave
56,40225,3,7,1,7,21,4,Leave
56,136303,8,10,0,10,38,9,Stay
39,133839,17,4,1,6,31,2,Leave
36,133592,7,2,1,8,32,3,Leave
34,51387,6,1,0,2,15,6,Stay
56,67506,1,8,0,10,50,0,Stay
25,71623,1,3,1,5,37,8,Leave
24,43139,7,7,0,7,46,0,Stay
35,39867,6,1,0,2,22,8,Leave
42,50859,20,5,1,5,42,10,Leave
39,31523,1,3,1,6,12,1,Leave
47,51511,9,3,1,6,27,6,Leave
36,52990,2,5,0,10,48,0,Stay
33,156235,5,8,1,8,38,6,Leave
31,73151,2,10,1,1,31,4,Stay
57,135418,2,10,0,8,30,1,Stay
47,47758,10,10,1,10,3,3,Stay
60,35329,19,9,0,6,20,9,Stay
37,94889,17,5,0,3,36,5,Stay
42,46232,12,8,1,1,22,6,Leave
48,37771,15,6,0,9,25,0,Stay
21,150869,15,2,0,9,17,8,Leave
30,20685,14,6,0,4,15,8,Stay
35,112635,16,8,1,5,40,0,Leave
34,126854,9,2,0,7,10,7,Leave
42,106935,3,2,0,1,43,1,Leave
26,76898,4,5,1,4,47,9,Leave
34,152848,18,2,1,8,14,9,Leave
57,105990,18,3,0,3,7,5,Leave
49,67424,13,6,1,3,41,5,Leave
27,47846,16,6,0,6,35,1,Stay
21,122131,14,9,0,10,2,10,Stay
33,117807,0,2,0,9,7,2,Stay
38,107493,7,3,1,8,24,6,Leave
40,147619,0,2,1,5,14,2,Leave
53,141426,6,9,0,5,43,5,Stay
32,154256,1,10,1,2,21,10,Stay
26,55841,18,8,0,9,47,4,Stay
24,123087,1,3,1,5,33,7,Leave
54,115100,18,9,0,10,14,7,Stay
57,103159,1,7,1,10,41,10,Leave
32,149690,12,5,0,3,26,8,Stay
47,28057,9,9,0,9,44,1,Stay
33,128304,12,2,1,7,15,5,Leave
58,108069,9,4,1,3,20,8,Leave
60,154879,12,4,0,2,41,1,Leave
28,106810,2,2,0,1,5,4,Stay
45,92715,4,7,0,10,22,1,Stay
47,120826,19,10,1,8,37,2,Stay
53,20412,0,8,1,8,22,9,Leave
43,52694,7,2,0,4,33,5,Leave
51,133164,20,10,1,1,27,2,Leave
51,144698,18,9,0,6,7,4,Stay
54,65291,10,7,0,1,40,3,Stay
32,23594,1,5,0,3,35,5,Stay
59,154048,17,6,0,5,1,0,Stay
22,153827,15,5,0,3,4,8,Leave
22,53562,15,7,0,9,45,10,Leave
35,124456,3,8,1,5,39,10,Leave
56,104423,0,10,0,6,46,8,Stay
52,120127,5,2,1,8,16,9,Leave
41,57525,17,2,0,3,25,7,Stay
42,105191,2,6,1,5,26,7,Stay
55,63334,2,8,0,6,48,10,Stay
53,63636,9,8,0,10,47,7,Stay
41,43513,2,5,1,10,18,0,Leave
21,101262,3,3,1,1,11,4,Stay
57,152926,15,2,1,10,46,10,Leave
45,158474,0,10,0,1,34,0,Stay
26,75410,8,8,1,2,45,2,Stay
25,104395,20,5,1,3,40,8,Leave
50,33984,14,8,0,7,9,8,Stay
58,159482,11,7,0,7,3,5,Stay
28,63610,18,5,0,9,46,5,Stay
48,102162,10,3,1,5,1,4,Leave
30,28505,5,6,1,8,42,5,Leave
44,52562,6,1,1,2,8,7,Leave
48,84300,9,1,0,9,6,7,Stay
33,54591,6,10,1,2,16,8,Leave
43,96016,3,5,0,5,18,4,Stay
24,62446,19,5,0,10,9,2,Stay
48,131762,3,8,1,2,23,3,Stay
22,23606,20,10,1,2,30,0,Stay
39,87204,15,6,0,4,47,3,Stay
26,65460,1,6,1,8,50,10,Leave
45,99329,5,3,1,3,35,8,Leave
48,60802,17,2,1,2,36,10,Leave
59,119480,1,3,0,9,44,8,Leave
45,77582,5,6,0,1,25,1,Stay
21,48631,17,2,0,6,43,7,Leave
42,112849,14,3,1,4,27,6,Leave
32,88292,13,3,1,8,33,0,Leave
34,28090,3,5,1,1,3,5,Stay
54,129619,15,2,1,1,39,2,Leave
59,122477,7,9,1,9,23,8,Leave
35,73466,6,6,1,6,33,2,Leave
26,20154,11,8,0,5,33,5,Stay
52,108583,6,8,0,4,5,7,Stay
29,44504,4,7,1,8,36,10,Leave
30,35235,0,5,1,1,26,6,Leave
56,98563,0,8,1,2,3,5,Stay
31,43062,18,5,1,6,29,4,Stay
43,42263,11,5,0,6,27,0,Stay
31,34173,4,5,1,8,15,10,Leave
51,47442,6,6,0,7,33,8,Stay
41,121164,6,6,1,6,22,2,Stay
45,57283,1,9,0,9,38,0,Leave
52,99990,5,1,1,4,27,2,Leave
47,74426,14,6,0,10,45,1,Stay
44,134033,4,8,1,6,29,10,Stay
58,152920,10,6,1,7,37,9,Leave
57,60188,7,1,1,9,3,7,Leave
24,113634,8,10,0,1,24,6,Stay
56,89632,5,5,1,1,24,9,Stay
30,129996,2,1,1,8,43,6,Leave
34,58748,0,7,1,4,19,2,Leave
49,72048,2,9,1,1,28,6,Leave
37,30758,7,10,1,7,17,0,Stay
30,41101,9,6,0,6,5,0,Stay
57,130753,14,3,1,10,50,0,Leave
32,156546,6,9,1,7,2,6,Stay
37,79991,15,7,0,4,6,7,Stay
53,129317,8,6,1,6,39,10,Stay
43,40330,0,10,0,4,30,7,Stay
50,130480,17,1,1,6,27,0,Stay
23,69941,12,3,1,8,33,8,Leave
54,146737,7,7,1,8,40,4,Stay
37,126099,13,5,1,8,23,2,Stay
33,22669,4,9,0,9,50,4,Stay
22,81898,12,8,0,4,26,2,Stay
41,146766,15,6,1,3,14,6,Leave
30,29582,8,7,0,4,8,1,Stay
27,124384,11,5,0,5,45,9,Leave
45,138456,9,10,0,2,21,2,Stay
47,107583,10,2,1,10,48,8,Leave
48,131993,18,3,1,5,33,7,Leave
40,88582,6,2,0,6,34,6,Stay
54,155373,0,4,0,10,2,4,Leave
23,75093,13,4,0,2,13,7,Leave
26,142565,12,2,1,1,33,6,Leave
39,82787,18,7,1,3,23,7,Stay
56,108065,4,1,1,9,29,1,Leave
42,100858,1,7,0,1,10,8,Stay
38,154055,1,4,1,8,38,7,Leave
51,97157,16,1,1,5,35,5,Leave
55,62535,13,6,0,5,5,10,Stay
50,66316,13,3,1,4,46,1,Leave
28,127628,1,4,1,1,46,8,Leave
26,49552,9,2,0,8,10,6,Stay
26,74016,8,5,1,2,18,3,Stay
52,32333,18,5,1,7,15,1,Stay
26,60529,8,1,1,1,25,10,Leave
43,121405,19,8,1,1,42,1,Stay
25,83592,0,8,1,2,13,10,Leave
25,93701,11,7,1,2,42,8,Leave
22,74312,20,6,0,6,36,4,Leave
60,156251,19,6,0,6,29,7,Stay
25,141573,14,3,1,9,23,4,Leave
56,159656,0,7,1,5,41,5,Leave
23,134292,13,8,1,9,19,4,Stay
52,86298,16,2,0,7,3,1,Leave
34,50039,5,2,1,5,2,10,Leave
35,25690,2,4,0,5,3,10,Stay
29,20449,9,9,1,1,31,6,Stay
54,90212,9,5,1,5,23,1,Stay
55,83665,10,5,0,6,17,5,Stay
26,106204,10,4,1,5,32,7,Leave
48,148433,20,5,1,6,15,10,Stay
60,81502,11,6,0,3,12,3,Stay
58,103913,18,7,0,6,21,7,Stay
54,123149,20,7,0,10,46,10,Stay
43,58493,8,5,1,7,25,1,Stay
23,140870,10,9,0,8,48,7,Leave
25,74316,12,6,0,2,13,0,Stay
44,68759,17,8,0,6,26,0,Stay
37,110516,1,1,0,7,18,5,Stay
53,72713,15,7,0,10,47,8,Stay
52,140971,3,6,1,10,10,1,Stay
37,27809,18,7,0,2,38,6,Leave
45,150668,3,9,1,5,23,8,Leave
31,74742,6,5,1,3,10,4,Stay
22,83670,15,10,0,10,49,3,Stay
56,151729,9,2,0,4,44,9,Leave
27,64080,12,3,0,9,9,4,Stay
42,43906,7,1,0,8,13,10,Leave
43,81568,12,7,0,6,21,5,Stay
46,159880,13,4,0,7,30,9,Stay
34,97173,12,8,1,7,44,5,Stay
40,70840,0,7,0,3,45,8,Stay
26,76615,1,10,0,7,20,10,Stay
21,117951,18,8,0,5,5,8,Stay
45,82410,18,9,1,1,13,2,Stay
49,28764,7,5,0,9,19,3,Leave
46,150591,9,5,0,4,27,5,Stay
44,63259,20,2,0,2,45,6,Leave
39,158440,8,1,0,5,25,5,Stay
34,100456,20,1,0,2,14,0,Leave
59,121324,0,2,1,2,32,10,Leave
26,79692,2,9,1,3,19,4,Stay
44,76980,0,8,1,9,30,8,Leave
43,54636,14,6,1,3,10,7,Stay
57,56320,5,7,0,10,45,0,Stay
32,125073,19,10,1,3,12,2,Leave
28,34346,16,4,0,4,33,2,Leave
51,20522,20,8,1,3,43,10,Leave
22,46271,7,4,0,5,36,10,Leave
24,113403,18,1,0,5,16,6,Leave
45,47426,17,3,0,5,9,10,Stay
55,34654,10,6,0,7,44,2,Stay
55,68651,13,6,1,4,14,10,Leave
31,141777,7,9,1,10,38,5,Stay
40,151817,19,3,1,3,2,1,Leave
43,20807,9,8,0,6,4,9,Stay
32,67879,12,6,1,3,16,1,Stay
22,90518,4,7,0,1,36,7,Stay
47,143796,20,1,0,9,38,2,Leave
56,130357,15,6,0,3,34,4,Stay
45,120993,11,4,1,4,4,3,Leave
37,104998,19,3,0,6,8,1,Stay
26,91879,3,6,1,6,12,5,Stay
52,150222,3,1,0,5,17,4,Stay
48,133080,9,2,1,10,40,8,Leave
48,156120,4,5,0,3,32,1,Stay
45,74086,1,6,1,6,17,3,Stay
55,137780,6,8,1,3,9,6,Leave
43,24413,7,6,0,7,34,5,Leave
23,135704,5,9,1,8,38,3,Leave
42,146513,13,9,0,3,20,2,Stay
46,149898,3,8,0,5,36,4,Stay
35,116208,1,9,0,6,6,10,Stay
58,75277,3,3,1,3,19,8,Leave
48,28162,12,5,1,5,7,1,Leave
27,155690,9,7,1,4,9,8,Stay
37,131237,16,10,1,7,22,10,Leave
56,61396,9,1,1,3,14,7,Leave
58,126566,19,9,1,8,10,7,Leave
30,99386,14,6,0,4,14,8,Stay
47,81813,2,8,0,4,42,2,Stay
38,127742,19,8,1,8,12,8,Leave
45,24123,14,9,1,4,49,4,Leave
26,85312,4,7,1,3,30,10,Stay
34,140092,8,3,0,8,1,0,Leave
30,21452,9,9,1,3,26,3,Leave
34,23951,1,5,0,9,47,7,Leave
56,127283,16,6,0,4,22,8,Stay
33,122426,12,4,1,2,7,7,Leave
58,40104,10,5,1,3,16,10,Stay
36,99575,18,10,0,5,11,5,Stay
41,80126,11,4,0,4,47,10,Leave
50,75093,5,1,0,5,17,10,Stay
60,29701,0,7,0,6,7,5,Stay
57,52593,2,2,1,10,33,6,Leave
39,72730,4,6,1,4,15,1,Stay
37,94954,1,6,0,5,8,4,Stay
42,130381,20,3,1,10,5,9,Leave
37,116943,8,9,1,2,25,7,Stay
22,81630,19,8,0,5,50,10,Stay
47,21273,14,5,0,3,36,1,Stay
60,145858,13,9,1,1,36,5,Leave
23,147442,15,9,0,5,44,8,Stay
24,63488,7,7,1,2,44,2,Stay
25,50092,0,10,1,5,39,7,Leave
46,156679,19,8,0,1,19,7,Stay
23,125046,18,10,0,2,20,5,Stay
60,78680,17,6,1,4,39,8,Leave
39,131270,4,8,1,5,29,1,Stay
27,142337,2,6,1,5,15,6,Leave
60,111830,20,4,1,5,40,6,Leave
26,21561,18,3,0,1,35,6,Leave
24,112331,6,1,0,1,28,5,Stay
54,22285,7,5,0,7,35,10,Stay
57,144633,9,4,1,6,37,0,Leave
43,48271,2,1,0,9,31,4,Leave
55,57559,7,10,1,1,33,4,Leave
35,115785,9,3,0,10,12,9,Leave
50,102532,20,1,0,7,1,7,Stay
50,112941,0,5,0,1,16,6,Stay
58,147299,3,8,1,4,5,1,Stay
41,137697,12,7,1,10,24,8,Leave
36,45462,18,8,1,6,40,4,Leave
25,54643,17,1,1,1,26,10,Leave
22,86044,10,7,0,2,25,9,Stay
39,33698,12,1,1,8,38,0,Leave
27,58002,17,1,0,2,34,0,Stay
54,77021,13,8,1,9,29,2,Leave
23,159085,8,2,1,1,29,0,Leave
38,140759,7,9,1,8,21,0,Stay
31,60202,5,10,1,9,24,0,Stay
49,44112,9,4,1,4,4,9,Leave
28,92285,11,10,0,9,19,5,Stay
39,90218,20,6,0,6,18,10,Stay
59,66141,8,2,1,1,26,1,Stay
50,102418,1,1,1,4,41,3,Leave
39,48890,1,4,1,8,11,4,Leave
59,90578,5,2,1,9,46,10,Leave
24,72026,6,6,1,7,32,0,Leave
59,106292,11,8,1,9,39,5,Leave
27,54098,0,7,1,10,49,10,Stay
43,79796,17,8,0,9,10,0,Stay
48,99083,12,2,0,1,24,6,Leave
39,27805,12,5,1,5,30,10,Leave
41,104467,17,10,0,5,46,7,Stay
25,97998,20,10,0,1,7,5,Stay
55,117461,20,4,1,7,29,10,Leave
21,55811,17,9,0,5,28,8,Stay
34,72201,4,1,0,3,16,4,Leave
43,143647,9,5,0,10,46,8,Stay
34,132671,3,9,1,8,11,1,Stay
47,60510,14,6,1,10,11,9,Stay
57,146464,17,10,1,5,23,3,Stay
45,128941,10,7,0,10,45,5,Stay
56,157863,4,5,1,5,22,7,Stay
56,26588,1,10,0,7,37,8,Leave
41,141702,11,1,1,6,45,5,Leave
28,134741,16,5,1,4,12,6,Leave
34,111153,12,2,1,2,48,9,Leave
56,114884,8,1,0,2,5,1,Stay
40,38527,0,6,0,8,35,5,Stay
56,52064,2,6,0,8,11,7,Stay
49,88026,10,10,0,6,50,5,Stay
21,24057,8,6,0,1,19,2,Stay
56,124374,7,2,0,6,6,6,Stay
45,65366,13,10,1,3,19,2,Stay
32,48935,11,4,0,5,13,8,Leave
43,36293,12,1,1,8,3,8,Leave
60,137669,12,9,0,6,9,1,Stay
41,84354,10,4,1,6,36,0,Leave
42,105626,10,4,1,2,6,6,Stay
21,157972,8,1,1,10,23,9,Leave
34,21069,14,9,0,10,20,3,Stay
46,117148,19,4,1,1,45,2,Leave
51,56456,16,9,0,2,30,2,Stay
60,35238,12,4,1,7,5,8,Leave
48,35423,3,10,0,3,50,6,Leave
40,62222,12,5,0,8,2,9,Stay
34,35765,5,10,0,9,41,10,Stay
48,107793,20,1,0,2,42,9,Stay
58,121382,20,7,0,6,43,0,Stay
59,114409,18,4,1,8,36,1,Leave
59,90028,20,3,1,10,37,7,Leave
35,128252,10,4,1,2,27,7,Leave
50,88621,10,6,0,1,5,8,Stay
23,116672,6,3,1,6,4,5,Leave
47,139241,4,9,0,2,41,10,Stay
53,76287,17,3,0,1,20,6,Stay
34,144435,13,2,0,10,50,0,Leave
39,94011,4,5,0,3,20,1,Stay
52,136070,4,9,0,8,35,4,Stay
56,111687,1,1,0,7,42,5,Leave
56,51810,14,6,1,9,17,10,Leave
38,89303,10,8,1,3,19,10,Leave
23,29254,12,6,0,3,50,0,Leave
50,151785,3,9,1,5,22,2,Stay
59,24844,5,6,0,8,5,4,Stay
52,140475,16,8,1,2,13,10,Stay
29,98345,2,4,1,7,10,7,Leave
50,62852,4,10,1,9,43,6,Leave
57,31711,20,8,1,6,34,0,Leave
33,89224,10,3,1,1,8,0,Leave
47,87932,7,7,0,4,3,6,Stay
41,111670,10,6,0,4,9,7,Stay
58,149471,5,8,0,5,12,4,Stay
43,20702,8,9,0,8,34,9,Leave
39,93171,2,1,0,9,9,5,Leave
22,40124,18,8,0,6,8,1,Stay
40,151148,8,4,1,2,21,7,Leave
58,26319,19,9,1,4,42,6,Leave
54,138105,15,3,1,6,49,1,Leave
56,44331,10,9,0,1,28,10,Leave
35,113317,10,8,0,5,30,5,Stay
58,31443,4,3,1,9,1,10,Leave
47,145003,12,7,1,6,31,7,Leave
50,135778,20,4,0,10,43,10,Leave
49,52116,1,6,0,6,26,10,Stay
60,101857,1,5,1,6,21,4,Stay
37,79114,18,2,0,1,46,4,Stay
29,78079,16,8,0,7,28,8,Stay
54,60325,12,2,1,9,19,5,Leave
24,95024,3,7,0,6,42,6,Stay
42,51662,18,1,1,3,32,6,Leave
27,130550,20,8,1,4,20,0,Stay
21,80711,15,5,1,1,40,1,Leave
41,78392,1,10,0,8,48,4,Stay
24,49194,13,3,0,5,36,8,Leave
31,125323,15,9,0,1,17,5,Stay
39,119980,19,8,0,8,17,1,Stay
49,86091,17,1,1,6,12,7,Leave
56,134973,5,1,0,10,49,2,Stay
31,56419,2,8,1,8,48,7,Stay
39,97121,16,6,0,7,45,10,Stay
59,33364,10,7,1,9,33,3,Leave
53,111363,11,1,0,1,14,1,Stay
43,129660,13,7,1,8,41,10,Leave
38,38241,2,9,0,6,25,3,Stay
27,41825,7,3,0,5,19,10,Stay
26,143208,8,9,1,3,10,0,Leave
46,116926,2,3,0,7,32,9,Stay
56,121733,5,10,1,1,19,8,Leave
59,89456,7,1,1,4,13,6,Leave
47,105565,8,2,1,7,16,9,Leave
26,42349,18,4,1,5,40,10,Leave
34,108669,12,1,0,3,27,0,Stay
21,137162,1,1,0,10,29,10,Leave
42,47974,20,1,1,5,30,7,Leave
40,67055,2,9,0,2,50,2,Stay
23,79687,20,9,0,4,2,3,Stay
50,137233,19,6,1,4,33,6,Leave
29,100940,13,6,0,3,5,3,Stay
29,116705,17,6,1,2,19,3,Stay
37,102013,18,4,1,2,31,8,Leave
41,144867,15,9,0,7,38,10,Stay
52,146849,1,8,1,1,1,5,Stay
40,22874,16,9,1,2,5,7,Stay
34,97392,17,7,1,6,41,0,Stay
34,94918,20,2,0,5,45,9,Leave
52,85204,8,6,0,6,12,3,Stay
49,71317,16,8,0,1,46,1,Stay
50,119758,12,6,0,8,22,0,Stay
44,26645,3,3,1,2,45,10,Leave
49,95684,9,7,0,4,19,7,Stay
44,101881,2,4,0,8,38,7,Stay
52,122017,16,6,1,4,17,8,Stay
51,111883,11,6,1,4,38,0,Leave
46,90018,0,4,0,7,14,2,Stay
45,23652,9,1,1,8,6,1,Leave
26,94856,6,5,0,10,33,10,Stay
43,132072,16,2,0,2,15,3,Stay
22,138185,6,4,0,4,3,5,Stay
23,113762,9,4,1,10,22,7,Leave
40,86618,3,1,1,10,37,3,Leave
55,78501,15,7,1,10,25,3,Stay
27,62866,5,6,0,5,49,3,Stay
49,110415,15,4,0,5,37,3,Leave
57,46022,13,1,1,7,19,3,Leave
24,20935,14,2,0,10,9,4,Leave
50,41751,17,2,0,2,21,5,Leave
59,95350,10,1,0,3,7,0,Stay
24,86949,13,7,1,2,25,1,Stay
43,79075,1,7,1,4,34,4,Leave
53,57350,20,9,1,8,20,7,Leave
36,53097,20,4,1,3,1,2,Leave
28,64747,20,9,1,1,44,9,Leave
45,25722,19,8,0,5,41,10,Leave
59,112471,20,10,0,1,31,1,Stay
33,74618,9,9,0,6,28,3,Stay
34,35689,20,7,0,10,15,8,Leave
59,28927,6,3,1,10,23,10,Leave
34,64038,8,10,0,7,8,1,Stay
35,87103,0,6,1,1,49,7,Leave
59,59406,10,9,0,1,27,3,Stay
23,36796,2,1,1,8,20,3,Leave
31,159611,0,10,0,2,34,7,Stay
46,47990,10,5,0,3,38,9,Stay
49,55104,17,9,0,3,28,0,Stay
26,155069,3,4,0,5,27,8,Leave
21,122621,17,1,1,1,27,4,Leave
52,100386,2,1,1,9,24,8,Leave
41,35403,9,10,0,9,11,7,Stay
46,90738,11,5,1,5,34,4,Stay
57,151302,14,6,1,2,39,6,Stay
54,106251,18,2,0,7,41,3,Stay
28,87082,6,3,1,3,27,4,Leave
28,158265,6,9,1,9,1,5,Leave
52,131881,15,3,0,3,40,5,Stay
46,86172,10,3,1,6,38,9,Leave
53,66860,17,7,0,5,49,4,Stay
54,50829,3,1,0,7,50,1,Leave
52,115565,8,9,1,7,2,0,Stay
58,89099,12,8,1,4,11,5,Stay
23,156775,6,6,0,7,45,0,Stay
49,130420,20,1,1,4,4,0,Leave
36,49092,18,8,1,1,20,1,Stay
30,100707,18,9,0,7,5,0,Stay
57,74370,11,7,0,1,41,4,Stay
47,59343,19,4,0,8,8,0,Leave
51,41759,13,5,0,1,16,2,Stay
37,76777,10,6,1,9,2,5,Stay
45,31571,5,5,1,4,18,5,Stay
42,92655,20,8,1,7,27,10,Stay
33,115477,17,10,1,1,10,2,Stay
51,80470,14,2,0,2,12,2,Stay
52,50466,18,7,1,7,31,10,Leave
59,159755,4,6,1,3,42,6,Leave
27,56105,20,6,1,2,2,7,Stay
29,60822,11,8,1,2,24,3,Stay
58,71546,17,8,0,9,26,5,Stay
40,125697,12,4,1,2,6,9,Leave
52,153890,10,7,0,7,21,0,Stay
60,21632,7,7,0,8,7,0,Stay
53,32024,18,7,1,1,2,0,Stay
35,103805,19,2,1,2,34,4,Leave
50,111204,13,7,0,8,2,5,Stay
36,48421,17,7,1,2,44,10,Leave
58,115382,9,3,1,1,29,1,Stay
56,155019,8,6,1,3,37,7,Stay
36,124974,13,1,0,3,41,2,Leave
24,146425,0,1,1,4,45,2,Leave
46,122375,12,8,0,2,11,2,Stay
27,99013,14,8,1,3,8,9,Stay
22,21560,1,8,1,3,4,8,Leave
39,55958,11,6,1,3,1,8,Stay
26,51690,14,6,0,1,21,8,Stay
31,76682,3,10,1,3,37,9,Leave
26,109970,17,8,0,5,10,4,Stay
30,62699,11,9,1,9,6,3,Leave
58,71669,15,2,0,3,2,8,Leave
21,37045,11,7,0,3,18,9,Stay
53,110318,15,3,0,2,12,7,Leave
42,49190,8,7,0,10,30,0,Stay
44,81452,16,10,1,3,3,0,Stay
49,40229,13,1,0,10,32,6,Leave
35,139387,19,5,0,5,22,8,Leave
59,48563,14,1,1,5,10,1,Stay
23,73152,19,7,1,4,35,3,Leave
47,22442,4,6,1,1,29,1,Leave
28,20066,15,8,1,5,4,10,Leave
50,42768,19,4,0,8,40,9,Leave
49,135324,12,10,1,9,9,10,Leave
58,37553,10,6,1,6,28,0,Stay
52,147667,8,3,1,9,24,0,Stay
23,24377,15,7,1,10,17,8,Leave
40,73271,12,8,0,6,42,8,Stay
29,81570,10,9,1,10,42,8,Leave
43,116050,11,10,0,4,29,5,Stay
27,102359,18,2,0,5,8,4,Stay
45,49196,2,1,1,4,47,5,Leave
44,31183,7,7,1,7,27,8,Leave
45,108332,8,2,0,9,22,8,Stay
52,144240,13,10,1,6,7,10,Stay
48,41835,17,5,0,7,25,3,Stay
32,114344,7,8,1,7,31,5,Stay
27,146958,15,10,0,9,50,7,Leave
41,104994,17,6,0,1,24,10,Stay
24,54402,17,7,1,4,9,3,Leave
23,83622,0,2,0,4,7,3,Leave
50,108616,8,10,0,10,8,10,Stay
46,21008,18,5,0,5,50,10,Leave
29,20542,3,9,1,5,6,2,Stay
25,142504,14,7,0,9,6,1,Stay
26,43614,2,3,1,1,4,2,Leave
43,20354,17,10,1,3,4,6,Stay
30,31646,2,5,1,7,24,9,Leave
21,155055,19,5,1,10,37,8,Leave
21,35023,9,3,0,10,49,6,Leave
48,67139,16,7,0,7,1,3,Stay
23,81626,19,1,1,2,25,0,Stay
21,88130,2,7,1,3,25,0,Leave
39,73471,12,2,1,2,20,9,Stay
44,75824,1,10,0,9,36,5,Leave
36,131656,13,10,1,6,8,1,Stay
32,141765,0,7,0,9,19,3,Stay
44,135602,15,9,0,7,38,9,Leave
37,64810,12,6,0,3,43,6,Leave
55,150089,17,7,0,3,24,2,Stay
38,136343,10,10,1,10,46,6,Leave
32,147512,10,2,0,5,21,5,Stay
34,45035,12,7,0,3,42,7,Stay
22,49935,16,7,1,8,35,6,Leave
47,128548,16,4,0,9,28,7,Stay
56,41549,8,2,1,7,16,6,Leave
28,120707,5,10,1,9,14,0,Stay
22,133555,4,2,1,5,26,1,Leave
48,42019,11,3,0,8,9,7,Leave
26,110851,11,7,1,5,27,3,Stay
50,47572,8,10,0,7,35,5,Stay
44,63653,6,10,0,8,7,0,Stay
29,89381,14,9,0,8,20,9,Stay
27,69315,3,2,0,4,20,7,Leave
59,74738,12,3,1,9,20,4,Leave
29,158248,3,9,1,10,2,4,Stay
24,34727,20,9,1,9,20,3,Leave
29,81083,13,9,1,3,30,7,Stay
24,34118,2,10,1,8,43,1,Stay
21,125815,2,8,0,3,15,7,Stay
30,39459,17,10,0,8,2,3,Leave
23,25357,1,9,1,3,20,2,Stay
29,147150,11,7,0,5,27,2,Stay
59,23743,0,2,1,5,3,1,Leave
48,125687,14,9,0,8,36,7,Stay
40,91691,17,3,1,5,8,4,Leave
51,31172,12,8,0,10,43,2,Stay
32,45231,0,6,0,5,47,0,Stay
56,36033,1,7,0,7,15,6,Leave
60,74315,0,8,0,4,42,10,Leave
35,74528,20,6,1,3,24,8,Leave
45,131799,7,2,0,6,6,2,Stay
53,77215,9,3,1,7,45,10,Leave
24,49653,7,10,0,10,44,6,Stay
26,24177,8,7,0,4,45,1,Stay
27,71334,7,7,0,6,24,2,Stay
48,120270,10,8,1,10,3,4,Stay
41,40845,11,7,1,2,34,1,Stay
47,112407,14,1,1,10,41,6,Leave
58,44557,1,4,1,2,27,1,Leave
29,123764,4,4,1,6,6,7,Leave
58,66203,12,4,0,8,33,0,Leave
49,109603,4,3,1,9,1,5,Stay
44,88128,1,5,1,5,41,8,Leave
53,137736,1,10,0,6,15,3,Stay
36,88014,7,7,0,1,37,0,Stay
46,109327,3,9,0,4,40,5,Stay
59,159498,13,5,0,3,36,5,Stay
22,128083,1,8,0,8,43,0,Stay
56,126394,8,1,1,2,48,0,Leave
47,133336,10,8,0,8,9,3,Stay
31,100953,14,9,1,6,36,9,Stay
54,94419,0,2,1,7,27,10,Leave
52,26542,14,9,1,1,15,2,Stay
48,81099,7,5,0,6,32,6,Stay
34,121841,11,2,1,1,36,4,Leave
25,87323,16,9,0,7,9,4,Stay
24,52092,5,8,0,10,19,9,Stay
41,124077,9,7,0,9,48,5,Stay
44,78296,1,9,0,2,24,1,Stay
30,22577,10,7,0,3,50,6,Stay
43,76388,6,1,0,7,48,6,Leave
30,114152,4,4,1,5,38,2,Leave
30,112086,9,1,0,1,37,7,Stay
21,88646,3,7,1,5,26,8,Leave
43,76131,11,7,1,3,15,5,Stay
51,158580,9,1,1,8,15,9,Leave
46,148068,7,3,0,6,4,6,Stay
30,105978,7,4,1,9,15,2,Leave
25,132273,9,7,0,2,17,10,Stay
22,41555,5,6,0,10,16,0,Stay
46,38835,17,9,1,9,44,8,Leave
24,65566,19,6,1,2,38,5,Stay
55,107507,19,9,0,4,34,4,Stay
53,65693,8,7,1,3,49,6,Stay
39,95405,18,1,0,7,35,5,Leave
37,51079,17,8,1,10,26,10,Stay
57,106781,10,2,1,9,17,8,Leave
29,157324,12,9,1,9,4,9,Stay
31,155398,9,10,1,4,41,2,Leave
45,26796,5,4,0,6,40,7,Leave
24,93142,7,4,1,9,48,10,Leave
53,102721,4,6,0,9,21,10,Stay
46,66365,18,3,1,8,22,1,Stay
28,142759,3,6,0,10,17,3,Stay
44,124698,15,8,1,1,13,1,Stay
56,72291,11,5,1,9,12,6,Leave
38,130283,3,4,0,3,2,10,Leave
54,136487,3,3,0,4,7,4,Leave
28,105539,20,6,1,8,48,3,Stay
39,155788,15,10,0,7,6,5,Stay
29,149262,0,2,1,6,37,4,Leave
49,91667,19,6,0,2,42,10,Stay
21,101563,12,8,1,3,42,3,Leave
27,154206,1,4,1,5,43,6,Leave
39,137019,1,1,1,2,26,9,Leave
22,90939,9,7,1,1,38,9,Leave
38,32490,14,10,1,9,12,10,Leave
23,106178,7,1,1,7,3,3,Leave
24,72790,16,9,0,9,48,9,Stay
47,28359,14,9,1,10,19,1,Stay
33,113434,2,6,0,6,46,7,Stay
21,120954,19,4,1,5,44,8,Leave
51,129519,8,2,0,6,40,6,Leave
39,93870,14,10,0,1,10,0,Stay
30,33107,19,9,1,10,48,0,Stay
48,78921,15,2,1,9,42,3,Leave
37,33295,10,4,1,4,37,10,Leave
27,115218,10,3,1,4,41,7,Leave
51,146924,17,10,1,2,40,4,Stay
32,148335,13,5,1,4,19,1,Stay
40,51385,8,6,0,9,34,3,Stay
24,83825,14,9,0,2,25,8,Stay
27,52209,14,10,1,4,16,7,Leave
30,34234,10,9,0,4,23,0,Stay
48,47121,10,5,0,2,1,6,Stay
21,88498,11,6,0,4,7,3,Stay
42,27922,18,3,1,9,36,3,Leave
47,144233,3,8,0,9,50,6,Leave
44,148476,15,10,1,5,36,10,Leave
50,33396,15,6,1,3,15,5,Leave
26,121045,10,10,1,6,19,7,Stay
54,85842,19,7,1,10,23,8,Stay
40,83221,1,5,1,5,10,2,Stay
58,57137,18,9,0,10,29,5,Stay
52,101353,8,1,0,5,15,2,Stay
50,79812,15,5,1,3,2,9,Stay
26,116259,18,10,0,7,22,2,Stay
57,110851,3,7,1,7,4,6,Leave
42,108910,6,8,0,2,46,9,Stay
29,108627,5,5,1,9,2,2,Stay
32,139396,12,4,1,6,46,3,Leave
59,146382,14,5,1,9,22,6,Leave
33,30161,3,3,0,5,11,0,Leave
60,134925,8,1,0,1,24,0,Stay
32,113479,17,8,0,4,34,6,Stay
53,47541,8,6,0,6,44,7,Leave
30,150266,1,8,1,3,46,0,Leave
32,138514,4,4,0,1,31,0,Stay
25,72793,14,2,0,7,21,1,Stay
35,53360,19,10,0,1,19,1,Stay
29,115423,2,2,1,7,15,7,Leave
24,125881,17,5,0,10,39,8,Stay
28,116831,1,5,1,1,35,7,Stay
48,53131,20,5,1,10,31,4,Leave
51,114888,13,9,0,4,25,2,Stay
56,83009,3,6,0,2,15,6,Stay
33,135774,8,6,1,9,48,3,Leave
48,71079,14,2,0,2,48,4,Leave
31,47467,0,1,0,6,41,0,Leave
30,116827,15,10,0,4,48,0,Stay
43,27852,14,6,0,2,50,8,Leave
45,48409,10,8,0,10,18,6,Stay
48,57556,1,7,1,7,21,1,Stay
29,129201,9,2,0,2,22,0,Stay
28,136070,6,5,1,8,11,7,Leave
59,69661,1,8,1,8,14,1,Leave
60,142716,18,10,0,1,13,7,Stay
42,50013,0,10,1,9,13,5,Stay
52,118215,6,5,0,5,8,0,Stay
23,106367,11,4,0,3,20,6,Stay
34,59051,13,4,1,4,32,2,Leave
51,91893,18,4,1,6,2,7,Leave
59,33133,16,3,1,3,21,9,Leave
43,68672,5,1,1,10,10,5,Leave
25,32093,5,2,0,4,33,3,Leave
44,92140,3,6,1,8,34,7,Leave
52,130101,9,2,1,7,13,7,Stay
46,46605,12,2,0,3,28,5,Leave
42,131661,10,10,0,3,29,7,Stay
39,102139,7,4,1,7,32,7,Leave
49,24319,12,7,0,3,43,10,Leave
37,136884,16,6,0,4,31,10,Stay
23,79142,7,2,0,8,21,10,Stay
44,20567,8,2,0,4,22,9,Leave
58,29491,4,8,0,10,23,7,Leave
31,139332,1,4,1,8,1,9,Leave
41,72274,8,1,0,6,12,2,Stay
55,127294,5,9,1,1,24,0,Stay
23,142105,0,10,1,3,26,3,Stay
60,132989,12,5,1,10,49,4,Stay
28,51608,19,1,0,2,1,7,Leave
57,69050,0,7,0,1,18,7,Stay
31,27389,12,9,1,7,30,0,Stay
48,128081,10,10,1,5,2,7,Leave
32,47972,16,8,1,4,34,5,Leave
36,103552,9,7,0,8,34,9,Stay
37,115132,1,1,1,3,20,7,Leave
59,46431,18,8,0,4,46,1,Stay
21,122346,3,1,1,9,27,10,Leave
26,23923,7,8,1,7,22,9,Stay
25,154241,20,8,1,7,50,7,Stay
47,94435,18,6,0,6,3,9,Stay
39,142186,2,6,0,9,41,4,Stay
44,123445,18,2,1,8,49,3,Leave
52,115103,0,8,1,2,33,9,Leave
57,30049,8,4,1,2,27,0,Leave
56,39240,6,4,0,3,6,7,Leave
25,47146,15,5,1,2,7,1,Stay
37,44090,6,7,0,6,27,8,Stay
28,83470,2,10,1,8,17,10,Stay
21,81412,20,5,1,1,33,8,Leave
35,134807,3,4,0,10,10,3,Leave
56,92565,12,10,0,5,33,4,Stay
35,147994,0,7,0,7,4,6,Stay
56,74077,8,9,0,5,1,7,Stay
52,131081,7,2,1,4,20,3,Leave
28,30063,7,9,0,4,10,4,Stay
44,139737,7,2,1,2,14,2,Leave
39,32790,9,2,0,9,2,5,Stay
27,112225,17,2,1,5,5,0,Leave
40,80917,10,5,0,2,33,3,Stay
30,64249,20,6,1,5,35,7,Leave
30,157784,8,10,1,4,43,4,Leave
58,29070,20,5,1,8,34,4,Leave
41,72332,11,7,0,5,43,0,Stay
22,133614,5,2,0,7,2,1,Leave
45,32483,5,9,0,2,47,4,Stay
32,103245,5,9,0,10,22,2,Stay
32,72110,1,7,1,6,27,2,Leave
51,130685,6,1,0,1,31,1,Leave
59,140929,2,10,1,7,3,6,Leave
50,81417,7,4,1,10,36,7,Leave
48,81237,8,1,0,8,33,7,Leave
51,89097,6,1,1,7,5,7,Leave
38,57657,5,2,1,8,37,8,Leave
29,154591,14,7,1,5,36,10,Leave
21,125775,9,4,0,1,46,3,Leave
33,142220,18,8,0,8,22,1,Stay
29,119396,20,7,0,5,38,4,Stay
43,93282,10,2,0,5,8,0,Leave
47,32161,20,8,1,3,17,7,Leave
60,149100,4,9,1,8,14,0,Stay
38,103715,10,6,1,7,40,6,Leave
42,136873,4,3,0,8,25,1,Leave
25,50705,13,3,1,10,40,1,Leave
23,139788,1,1,1,3,40,4,Leave
45,33003,10,9,0,6,10,7,Stay
60,137376,7,9,1,7,1,8,Leave
42,23931,6,1,0,9,46,6,Leave
40,44651,6,10,0,5,10,3,Stay
40,48721,1,10,1,4,23,8,Stay
36,115901,7,4,0,9,10,6,Stay
45,59081,15,10,1,10,47,9,Stay
34,31482,11,6,0,7,3,1,Leave
25,100410,18,10,0,8,30,0,Stay
38,21960,15,4,1,8,36,0,Leave
21,153850,0,5,0,6,40,2,Stay
47,156894,5,4,0,3,16,6,Leave
55,70912,2,1,0,3,39,6,Leave
24,151037,16,9,0,7,24,0,Stay
36,158294,15,8,1,9,35,4,Leave
38,140138,11,5,0,4,18,4,Stay
21,49174,16,2,1,6,35,9,Leave
44,80145,1,6,1,3,41,6,Leave
52,48094,9,8,0,9,16,5,Stay
50,33592,3,1,1,8,34,5,Leave
31,60055,15,10,0,10,48,2,Leave
45,157935,4,6,1,4,5,8,Stay
54,76234,20,1,1,9,13,1,Leave
47,114947,0,2,0,7,42,10,Leave
57,109818,12,10,1,7,27,4,Stay
50,157060,18,6,0,3,25,2,Stay
56,41135,13,2,0,4,33,10,Leave
47,54586,1,8,1,2,22,8,Stay
43,124175,14,9,1,1,15,10,Leave
34,27902,2,7,1,7,50,9,Leave
41,135721,0,7,0,6,20,10,Stay
60,99927,1,6,0,2,7,1,Stay
59,33615,8,1,0,7,47,7,Leave
58,141648,14,6,1,1,31,1,Leave
37,24408,19,1,0,3,35,0,Leave
29,34408,9,3,1,7,22,5,Leave
22,42441,6,1,1,3,27,6,Leave
36,67715,10,10,0,1,40,8,Stay
35,21447,11,7,1,1,49,8,Leave
55,69907,4,7,0,5,14,6,Stay
43,78915,13,6,0,4,20,5,Stay
36,89141,14,3,0,10,17,7,Leave
22,144243,18,3,1,1,34,7,Leave
21,153895,13,3,0,10,35,8,Stay
29,117049,0,6,0,3,39,8,Stay
32,128156,17,5,1,10,26,9,Leave
49,27332,3,7,0,7,29,8,Stay
46,108889,8,5,0,3,40,9,Stay
26,94428,4,1,1,6,17,2,Leave
53,99449,4,10,1,6,35,4,Stay
23,124851,18,4,1,5,14,1,Leave
43,26714,19,10,1,1,3,2,Leave
31,65723,15,7,0,3,29,3,Stay
24,151181,3,5,1,7,47,10,Leave
27,145170,0,3,1,9,15,5,Leave
28,49376,13,5,0,7,22,2,Stay
45,136458,13,7,0,6,1,0,Stay
43,25089,20,2,0,7,42,8,Leave
36,138140,6,3,1,2,10,9,Leave
42,131995,4,7,0,7,13,9,Stay
29,89044,1,5,1,9,39,0,Leave
37,72786,16,9,0,7,43,0,Stay
28,116851,14,10,0,4,50,2,Stay
22,36310,0,9,0,3,21,3,Stay
31,36503,4,2,1,6,48,5,Leave
38,116156,15,4,0,5,48,4,Stay
51,156140,1,9,0,6,36,3,Stay
38,77004,0,5,0,5,14,5,Stay
49,96826,9,5,0,5,31,9,Stay
49,27128,20,4,1,6,40,5,Leave
46,152895,0,3,1,3,37,3,Leave
43,112578,2,7,0,8,41,10,Stay
50,61557,8,4,1,6,20,4,Leave
45,70047,0,1,0,9,7,6,Stay
40,89883,1,8,0,7,46,0,Stay
26,65076,15,6,1,8,40,7,Leave
28,37562,11,5,0,3,16,4,Stay
42,124180,2,2,1,2,25,5,Stay
60,47871,16,3,0,2,50,5,Stay
57,126995,12,6,1,4,11,7,Leave
42,63068,19,1,0,6,1,7,Stay
54,125319,18,3,0,7,42,10,Leave
31,101625,6,8,0,2,2,10,Stay
48,104004,6,2,1,1,35,9,Leave
36,142873,10,2,1,7,43,6,Leave
56,110238,18,1,1,4,35,1,Leave
36,71547,7,4,0,4,36,5,Leave
24,125584,8,4,0,6,48,10,Leave
46,40578,10,5,0,9,38,6,Stay
32,136276,17,2,1,7,39,9,Leave
52,77789,2,6,0,8,2,8,Stay
27,66726,1,8,0,4,3,5,Stay
41,52115,18,3,1,3,14,4,Leave
38,141009,20,9,1,3,6,8,Stay
54,145966,5,3,1,9,45,5,Leave
21,143378,19,9,0,5,6,5,Stay
31,112805,8,5,1,5,11,3,Leave
60,41979,2,8,1,10,29,6,Stay
46,113867,5,6,0,4,22,6,Stay
39,25059,17,6,1,7,38,1,Leave
59,94450,10,8,0,10,24,0,Stay
29,62954,0,6,0,8,1,3,Stay
21,96575,10,3,0,1,22,5,Stay
32,125996,16,4,1,5,14,8,Leave
56,152435,8,2,1,2,16,5,Leave
36,26151,7,5,1,6,5,1,Leave
56,115578,15,3,1,9,29,4,Leave
26,152026,13,3,1,5,31,6,Leave
28,150981,17,1,1,9,42,8,Leave
34,45292,12,4,1,3,31,2,Leave
46,81952,18,2,0,3,5,8,Leave
30,77029,11,6,0,6,23,7,Stay
31,140716,16,6,0,2,2,0,Stay
44,59941,5,6,1,6,49,1,Leave
25,132498,2,2,1,5,41,9,Leave
36,39836,1,9,1,10,31,6,Leave
59,108255,19,5,0,10,20,10,Stay
38,138545,16,10,1,10,31,7,Stay
24,108923,0,3,1,9,1,7,Leave
44,151309,8,2,0,2,46,8,Leave
50,22627,2,1,0,8,17,10,Stay
32,143238,13,6,0,1,34,3,Stay
39,86668,2,7,0,5,24,7,Stay
53,53535,18,10,0,10,31,1,Stay
43,72477,8,5,1,6,34,6,Leave
32,79336,9,3,1,4,25,9,Leave
58,63263,20,9,0,4,29,4,Stay
25,92548,19,1,1,4,28,8,Leave
27,49345,11,8,0,7,25,3,Stay
22,104579,0,1,0,3,41,8,Stay
31,88116,7,3,0,9,35,2,Leave
57,134903,5,6,0,1,34,5,Stay
44,97683,3,4,0,8,9,9,Stay
28,68892,8,5,1,6,13,4,Stay
53,94723,5,7,0,2,41,7,Stay
25,40906,12,1,0,4,49,1,Leave
49,133815,5,2,0,7,9,6,Stay
34,109150,8,4,1,8,36,10,Leave
33,35454,2,7,1,5,13,2,Leave
60,54025,13,10,0,1,30,8,Stay
22,97677,17,3,1,5,46,8,Leave
21,37062,16,9,1,1,17,8,Leave
25,28691,15,2,1,8,27,6,Leave
56,154766,3,10,1,10,44,4,Stay
44,115371,14,8,1,7,44,9,Leave
37,107146,5,8,1,8,23,6,Stay
44,134261,3,8,0,6,30,0,Stay
22,45147,18,4,0,8,36,8,Leave
53,21717,11,7,1,2,9,8,Leave
59,46458,17,6,0,5,18,2,Stay
59,38633,11,8,0,1,27,1,Stay
52,33006,6,9,1,6,42,4,Leave
60,148742,10,1,1,1,47,7,Leave
33,21230,17,5,0,9,9,6,Stay
38,61969,14,10,1,7,3,7,Leave
22,102368,7,6,1,8,27,4,Leave
43,65520,8,1,0,7,2,1,Stay
48,86377,9,9,0,3,38,0,Stay
27,92199,10,8,0,7,32,9,Stay
60,82402,17,4,1,5,8,4,Leave
40,153402,15,2,1,2,30,9,Leave
33,154680,19,6,1,2,49,2,Stay
31,42987,17,10,1,10,32,4,Leave
60,26970,19,6,1,7,17,4,Stay
47,133283,13,7,1,6,2,0,Stay
53,94295,17,8,0,1,34,0,Stay
37,107711,1,4,0,3,9,4,Leave
39,62107,2,5,1,7,18,2,Stay
41,124341,9,2,1,9,39,7,Leave
53,48785,5,10,1,3,1,10,Stay
33,69423,2,8,0,6,16,10,Stay
28,102075,3,6,0,10,31,3,Stay
55,61858,19,6,0,5,43,9,Stay
55,144654,3,3,0,1,32,8,Stay
58,41112,4,4,0,5,23,9,Stay
39,98104,10,9,1,4,20,5,Leave
22,77759,13,3,0,4,22,0,Stay
23,153792,19,6,1,7,46,7,Leave
22,137694,8,8,1,4,40,7,Leave
28,158708,20,5,0,10,31,6,Stay
27,50712,5,9,1,7,50,0,Stay
42,110826,11,10,0,8,44,9,Leave
44,21230,2,5,0,7,2,8,Stay
50,117603,17,2,1,4,18,3,Leave
31,125425,8,3,0,1,31,5,Leave
27,102637,6,8,0,7,20,10,Stay
45,131219,15,5,1,8,3,5,Leave
35,133393,9,4,1,4,2,4,Stay
21,47929,18,8,1,6,6,4,Leave
38,133287,1,10,1,8,21,4,Stay
39,21670,13,2,0,9,32,9,Leave
27,147325,9,5,0,4,25,4,Stay
34,86031,18,3,0,1,6,1,Stay
53,81349,6,3,0,8,45,4,Leave
28,39377,1,9,1,9,20,5,Leave
53,147347,1,4,1,4,16,6,Leave
24,104964,2,3,1,7,9,7,Leave
42,158648,15,5,1,10,30,1,Stay
31,22768,4,9,0,3,4,7,Stay
38,35240,10,10,1,4,17,3,Leave
23,64508,1,7,1,9,35,2,Leave
23,35778,3,2,1,6,25,7,Stay
58,26472,0,7,0,3,49,2,Stay
52,153299,19,9,0,4,31,10,Stay
33,156611,4,10,1,9,20,2,Stay
40,123853,1,5,1,3,16,2,Stay
39,25457,17,4,1,7,14,8,Leave
35,101914,4,9,1,2,25,9,Leave
45,43897,11,9,0,5,35,4,Stay
50,159985,13,7,1,6,24,6,Stay
37,111507,17,5,1,1,38,7,Leave
26,100656,6,2,1,4,28,6,Leave
57,143615,16,7,1,6,41,0,Stay
54,41003,13,6,1,6,5,0,Stay
32,90696,11,7,1,4,3,6,Stay
50,112726,8,7,0,2,14,6,Stay
24,150352,3,4,1,9,1,10,Leave
28,32598,9,5,1,10,34,3,Leave
41,53307,18,10,1,5,40,0,Leave
60,109043,13,1,0,9,29,1,Stay
55,136787,8,6,0,4,4,8,Stay
55,63473,16,5,1,10,9,2,Stay
30,75217,5,3,0,5,19,7,Stay
22,66061,3,5,0,5,35,7,Leave
39,68609,18,2,0,3,14,8,Stay
36,152003,11,6,0,2,27,6,Stay
53,108815,12,1,1,5,47,3,Leave
45,105498,14,9,0,10,36,3,Stay
48,140485,1,8,0,10,6,4,Stay
39,159495,20,3,1,5,5,6,Leave
39,92326,0,4,1,5,39,5,Leave
25,64451,15,3,1,2,10,8,Leave
49,43328,2,9,1,8,39,5,Leave
23,40707,16,3,0,4,45,7,Leave
29,96269,10,7,1,3,5,3,Stay
37,148503,12,7,1,2,10,2,Stay
45,39998,0,9,0,6,8,9,Stay
31,130871,17,4,0,7,50,9,Stay
56,43388,11,10,0,4,49,3,Stay
37,98398,20,10,1,9,13,5,Stay
57,140736,18,1,1,1,3,4,Leave
45,152783,0,5,0,9,42,7,Stay
27,152102,7,3,1,4,9,9,Leave
48,89019,13,3,0,9,21,4,Leave
38,156233,6,9,0,3,25,2,Stay
59,140554,0,3,0,1,14,10,Leave
58,37991,4,8,1,5,8,6,Leave
49,63796,5,2,0,1,39,0,Leave
25,44329,16,3,1,6,7,3,Stay
33,103565,9,3,0,10,34,0,Stay
37,56379,18,2,0,7,28,4,Stay
34,32938,15,8,1,9,16,9,Leave
47,75158,4,10,0,2,3,3,Stay
39,44043,14,3,0,10,25,6,Stay
37,109006,0,6,1,6,12,4,Stay
27,126701,13,4,1,10,34,8,Leave
58,158882,4,3,0,3,29,1,Stay
26,111747,10,7,0,4,24,2,Stay
52,120893,6,4,0,2,44,3,Leave
48,38255,3,2,1,9,33,0,Leave
58,88672,10,10,0,7,7,2,Stay
47,133715,14,1,1,10,12,9,Leave
25,114823,8,5,0,5,21,7,Stay
41,115224,10,1,1,5,36,5,Leave
55,34225,10,8,1,6,42,5,Leave
56,30214,18,6,0,6,34,6,Leave
28,29719,9,2,0,9,4,7,Leave
30,37767,1,6,0,7,49,7,Leave
26,57937,2,7,1,6,11,5,Stay
37,127028,17,4,0,7,43,8,Leave
21,107779,6,3,0,6,11,2,Stay
24,63441,7,5,0,5,19,1,Stay
38,22039,4,5,0,9,4,8,Stay
58,72279,6,3,0,6,7,3,Leave
36,27514,17,7,1,1,18,3,Stay
42,143431,12,8,0,6,1,9,Stay
38,52306,10,1,0,10,19,7,Stay
51,85253,12,10,0,6,46,10,Stay
56,68412,1,9,0,3,32,1,Stay
24,72306,18,1,0,1,44,5,Stay
50,20334,0,4,0,4,21,0,Stay
29,25684,7,6,0,2,49,7,Leave
32,81812,5,6,1,9,31,10,Stay
48,133058,14,3,0,9,34,0,Leave
32,80365,18,5,1,9,28,7,Stay
24,123409,19,6,0,9,13,8,Stay
56,110708,2,9,0,7,47,0,Stay
57,84129,9,2,1,10,16,8,Leave
50,47842,1,3,0,10,39,7,Leave
31,128161,2,10,0,6,38,7,Leave
44,70680,16,10,1,6,2,7,Stay
41,103746,6,4,0,2,2,6,Stay
50,83334,16,8,0,2,41,0,Stay
40,155700,8,3,1,10,12,3,Stay
47,94859,6,3,1,8,9,0,Stay
40,133514,1,10,0,4,28,5,Stay
54,151595,0,5,1,10,1,9,Leave
45,125410,8,6,1,8,2,7,Leave
24,46855,2,5,0,7,39,0,Stay
34,99891,20,3,0,10,35,5,Stay
53,105725,4,4,1,10,20,0,Leave
52,32617,20,8,1,5,5,1,Leave
48,157927,6,4,0,9,11,3,Stay
37,152921,0,10,0,3,27,7,Stay
29,61464,15,2,0,9,44,7,Leave
22,134398,10,4,1,4,1,6,Leave
30,150416,1,8,1,4,47,4,Leave
40,154066,20,10,1,4,23,4,Stay
40,157610,8,7,0,3,2,8,Stay
60,87098,15,1,1,9,34,10,Leave
43,65497,9,6,0,4,9,7,Stay
57,150538,7,8,1,3,39,6,Leave
30,136307,6,5,1,2,4,7,Stay
59,99426,19,10,0,5,25,2,Stay
39,90927,13,3,1,10,3,8,Leave
52,25865,15,6,0,6,43,10,Stay
41,67706,8,9,0,2,34,5,Stay
50,65725,2,7,0,10,43,2,Stay
49,93715,6,5,1,1,22,2,Stay
28,112198,6,5,0,7,10,5,Stay
24,32486,8,1,0,10,42,7,Leave
40,37897,8,10,0,3,38,8,Leave
46,111847,16,8,1,10,37,4,Leave
52,31076,4,10,0,4,33,1,Leave
30,67559,0,10,1,1,6,10,Leave
46,95873,20,2,1,8,3,9,Leave
32,63714,4,7,1,7,4,4,Stay
58,91795,1,5,1,3,6,7,Leave
43,151022,5,8,1,6,45,8,Leave
33,142586,0,7,0,8,35,2,Stay
43,122411,3,7,1,3,10,0,Stay
46,22546,5,10,0,10,20,5,Stay
37,70678,6,4,0,4,47,1,Stay
27,87760,6,2,1,6,45,7,Leave
39,157538,18,6,0,5,29,8,Stay
59,23268,4,8,1,10,11,3,Stay
50,98234,14,6,0,6,10,2,Stay
55,78606,11,1,1,5,12,3,Leave
33,87842,14,4,0,3,32,4,Stay
21,34604,14,4,1,10,22,0,Leave
27,115161,15,5,0,2,41,3,Stay
49,64180,18,6,1,9,33,2,Leave
56,105550,7,5,0,4,3,8,Stay
57,34660,12,7,1,3,34,6,Stay
33,77818,14,10,0,4,18,2,Stay
56,75067,18,5,1,3,29,10,Leave
43,52312,17,2,0,8,28,1,Stay
28,96873,18,10,0,10,26,8,Stay
28,31140,4,8,1,1,9,3,Leave
59,115066,18,2,0,10,44,10,Leave
23,27963,14,4,1,7,2,4,Leave
43,128076,2,6,1,2,31,7,Stay
50,79528,10,4,0,3,33,2,Stay
52,138325,3,10,1,8,40,10,Leave
38,68029,2,8,1,2,16,8,Leave
40,71356,19,2,1,2,32,2,Leave
28,115687,0,6,1,5,7,7,Leave
33,156916,0,7,1,3,1,4,Stay
43,25045,2,2,0,3,43,4,Stay
44,30924,7,9,1,5,17,9,Leave
24,100657,20,6,1,3,11,0,Stay
59,61764,19,3,0,7,16,1,Stay
41,83908,18,4,0,8,49,7,Leave
54,28928,7,8,0,5,10,6,Stay
33,76001,12,5,1,2,29,6,Stay
22,146530,12,8,1,9,9,9,Stay
47,37053,9,8,0,5,12,8,Stay
58,33762,17,10,0,6,25,9,Stay
37,51800,13,4,1,3,39,0,Leave
29,69537,13,2,1,7,9,2,Leave
29,117172,14,9,0,10,45,3,Stay
27,146323,10,8,1,4,4,7,Stay
46,55186,13,1,0,1,40,6,Stay
31,31109,12,6,0,6,7,0,Stay
50,139886,1,3,0,10,37,1,Stay
29,47197,18,10,1,1,38,1,Leave
44,45827,16,2,1,1,43,6,Leave
50,73106,7,10,0,5,33,8,Stay
40,22105,14,7,0,9,49,3,Stay
38,142765,1,4,0,2,3,8,Stay
38,84634,20,6,1,9,3,6,Stay
29,105682,4,5,1,10,50,7,Leave
28,42526,17,2,1,9,15,9,Leave
22,108010,19,1,1,3,40,10,Leave
39,99357,15,4,1,8,25,0,Leave
50,146613,8,10,1,10,6,5,Leave
27,136960,12,3,1,1,27,3,Stay
58,60094,13,5,1,3,8,9,Stay
29,117921,6,8,1,8,15,2,Stay
55,156075,5,10,0,7,36,4,Stay
22,130115,11,1,1,10,50,2,Leave
47,121677,17,10,1,2,33,2,Stay
32,109778,13,1,1,9,32,10,Leave
39,146438,14,8,1,1,10,4,Stay
33,116505,13,6,1,5,5,9,Leave
25,126839,15,9,0,10,20,3,Stay
32,31465,1,3,1,7,24,10,Leave
32,83786,3,7,0,3,48,5,Stay
49,83202,14,5,0,9,1,6,Stay
31,157056,12,9,1,5,18,1,Stay
60,21641,8,4,1,10,50,6,Leave
39,110529,9,7,1,7,25,5,Stay
30,102161,1,3,0,2,17,2,Leave
23,52219,9,8,1,8,50,6,Leave
34,88806,11,2,0,9,38,2,Stay
37,85539,17,3,1,3,34,8,Leave
25,49427,12,4,1,5,7,3,Leave
51,36282,16,2,1,5,47,8,Leave
37,42495,3,9,1,1,43,3,Leave
34,59055,3,8,1,10,2,10,Stay
31,134029,6,4,1,2,46,10,Leave
34,20364,2,1,1,4,42,9,Leave
43,73385,3,9,1,8,29,5,Stay
21,75988,2,4,0,6,20,6,Stay
54,120281,2,4,0,3,16,10,Leave
35,102889,10,1,1,2,42,6,Leave
60,32791,5,2,1,5,39,8,Leave
36,26083,2,1,0,8,6,6,Leave
42,157809,5,7,1,3,15,0,Stay
50,144788,18,1,1,2,3,7,Leave
26,107140,19,8,0,2,11,9,Stay
24,150173,6,6,0,9,45,3,Stay
57,131161,15,3,0,10,49,2,Leave
45,23544,16,8,1,5,10,0,Leave
35,75148,0,6,0,4,8,1,Stay
52,119551,9,8,0,9,26,4,Stay
59,150931,0,2,0,7,39,1,Stay
40,67389,9,6,0,6,15,3,Stay
40,37475,18,7,0,7,2,7,Stay
58,27236,11,2,0,3,41,0,Leave
23,153179,15,7,0,3,1,4,Stay
55,30522,18,9,0,1,48,8,Stay
29,91511,2,10,0,10,26,6,Leave
33,155551,16,7,1,2,4,5,Stay
55,64488,16,6,1,10,41,9,Stay
32,89176,8,4,0,4,14,10,Stay
50,61095,13,1,1,7,50,0,Leave
59,141989,15,2,1,5,37,5,Leave
33,66997,15,8,1,3,41,1,Leave
40,63884,11,8,0,4,47,5,Stay
53,111435,4,9,1,5,33,10,Leave
32,34031,12,7,0,5,19,7,Stay
33,143328,1,1,1,1,7,0,Leave
50,133823,14,7,1,7,48,2,Leave
35,35424,1,4,1,6,50,8,Leave
21,89739,12,5,1,6,19,4,Stay
60,38394,5,9,1,7,33,2,Leave
45,140784,19,4,1,8,8,0,Leave
26,139249,19,2,0,8,50,0,Leave
31,111326,20,9,0,10,41,2,Stay
58,138570,4,2,0,7,5,7,Leave
27,69051,9,10,0,1,17,5,Stay
37,125420,3,9,0,7,46,9,Stay
23,31541,9,3,1,1,48,5,Leave
53,87617,9,5,0,10,17,9,Stay
48,47292,18,7,0,2,4,8,Stay
54,145134,12,1,0,1,15,0,Stay
46,116045,10,2,0,4,47,2,Stay
38,142252,3,8,0,1,48,2,Stay
24,72105,11,1,1,3,8,10,Leave
55,104031,17,2,1,1,38,6,Leave
45,50858,8,1,0,10,22,3,Stay
21,147560,7,4,0,9,1,10,Leave
56,21498,6,1,1,6,28,2,Leave
53,122900,16,6,0,2,37,3,Stay
23,76725,15,8,1,10,27,1,Stay
60,23201,20,1,0,5,1,2,Stay
44,101973,0,2,1,7,5,5,Stay
43,53909,19,2,1,8,22,10,Leave
26,30936,0,10,0,8,50,5,Stay
29,114760,14,2,0,7,1,2,Stay
37,39779,18,6,0,9,32,7,Stay
36,46640,12,2,1,2,6,8,Leave
31,36442,14,7,1,1,34,4,Leave
36,37554,19,9,0,2,10,2,Stay
47,74483,1,2,1,8,33,9,Leave
48,67624,9,4,0,10,31,0,Leave
48,63689,2,8,1,4,36,0,Stay
57,98244,3,7,0,2,33,5,Stay
22,47435,1,9,0,3,42,3,Stay
55,103769,5,2,1,5,50,9,Leave
44,96504,7,7,0,4,49,4,Stay
37,97903,10,4,0,6,9,0,Stay
37,124567,6,5,1,3,13,2,Stay
54,45141,14,10,0,2,45,8,Stay
45,33522,8,8,0,2,28,8,Stay
23,146660,9,9,1,7,49,4,Leave
53,69861,17,1,0,2,15,4,Leave
32,52141,16,6,1,9,31,9,Leave
47,114760,5,7,1,7,21,10,Stay
35,127959,3,2,1,10,23,9,Leave
58,86773,0,10,1,9,45,2,Leave
36,133761,10,3,0,4,14,8,Leave
34,120092,19,3,1,10,43,7,Leave
56,94054,11,7,1,8,14,3,Stay
58,125527,6,4,1,2,37,10,Leave
46,44546,0,3,0,4,12,10,Stay
38,123659,8,3,1,7,50,1,Leave
48,30172,0,5,1,9,11,7,Leave
37,103359,20,3,0,3,38,10,Leave
21,154557,9,5,0,10,32,7,Stay
48,88241,3,2,1,8,8,1,Leave
39,155341,20,8,0,9,33,4,Leave
51,25004,15,6,1,10,46,0,Leave
27,85407,14,10,0,8,24,6,Stay
43,119200,0,2,1,10,24,9,Leave
37,81396,9,3,0,3,22,10,Stay
31,139436,7,10,1,3,35,5,Stay
57,108686,0,2,1,6,35,10,Leave
23,156917,9,10,0,5,23,5,Stay
27,113089,1,6,1,5,16,3,Leave
21,103939,3,5,0,8,35,4,Leave
52,92395,9,6,1,7,48,7,Leave
50,31050,12,7,1,5,41,8,Leave
56,127535,19,5,1,3,26,9,Leave
33,151618,20,4,0,5,44,9,Leave
56,50962,10,6,0,9,32,10,Leave
55,82319,19,9,0,7,28,0,Stay
36,49998,18,1,0,8,48,0,Stay
47,144721,3,2,0,2,43,1,Stay
54,152765,18,7,1,2,39,2,Leave
51,37579,6,2,1,5,18,10,Leave
46,155998,3,5,0,9,5,2,Stay
46,121306,18,6,1,8,7,2,Stay
28,124071,13,3,0,4,30,1,Stay
49,48671,3,10,1,4,43,2,Leave
46,132363,0,8,0,1,11,5,Stay
23,65461,12,5,0,6,14,9,Stay
36,45660,18,2,0,7,23,10,Stay
26,25938,5,2,1,8,17,8,Leave
23,126023,10,5,1,10,33,8,Stay
57,144355,2,1,0,5,12,3,Stay
59,26668,4,1,0,10,16,3,Leave
59,88811,18,8,0,6,7,3,Stay
41,157278,4,3,0,5,36,6,Leave
21,73597,14,3,0,3,12,3,Stay
59,118414,4,5,1,3,13,4,Stay
59,86583,10,6,1,9,23,5,Stay
58,111070,6,1,0,5,10,8,Leave
22,72704,4,1,0,8,45,5,Stay
21,68026,15,8,1,10,35,0,Leave
57,94782,6,5,1,6,36,1,Stay
59,39003,13,1,0,1,39,5,Leave
54,127800,16,4,1,9,7,6,Leave
55,40402,15,8,1,1,48,6,Leave
30,87547,0,9,0,8,40,6,Stay
35,145743,4,1,0,8,27,3,Stay
35,131810,8,4,0,1,20,7,Leave
42,98633,19,9,0,1,47,6,Leave
42,78030,16,7,1,3,29,3,Stay
25,96791,17,1,1,5,16,2,Leave
21,129521,13,1,0,3,35,8,Leave
24,36407,7,1,0,1,32,8,Leave
51,124425,11,8,1,3,40,1,Stay
36,38088,1,8,0,9,26,9,Stay
23,143070,0,9,0,6,26,7,Stay
21,130063,12,4,1,1,49,7,Leave
54,59910,18,3,1,7,3,2,Leave
53,132396,1,7,0,7,42,2,Stay
60,57750,8,10,1,10,2,4,Stay
33,104199,13,7,1,10,39,5,Stay
29,46417,1,2,1,8,38,1,Leave
56,154260,13,6,1,5,33,10,Leave
39,55261,5,5,1,9,25,4,Stay
41,86803,14,5,0,4,9,8,Stay
59,113883,6,3,1,8,50,6,Leave
27,86961,14,9,1,9,11,5,Leave
22,82847,18,4,1,6,22,4,Leave
60,154481,19,6,1,8,9,5,Stay
44,20620,11,9,1,7,18,2,Stay
43,127137,16,7,0,1,19,5,Stay
24,25216,13,5,0,3,3,4,Stay
33,77899,11,10,0,4,28,6,Stay
33,98321,13,6,0,8,45,8,Stay
46,97533,17,9,1,3,4,2,Stay
50,85807,9,6,1,10,12,2,Stay
32,115150,3,10,0,8,29,3,Stay
46,143331,1,1,0,4,5,10,Leave
26,70778,17,5,0,7,12,6,Stay
26,93029,20,9,0,8,40,8,Stay
26,25735,18,5,1,7,40,1,Stay
48,94086,2,1,1,5,50,7,Leave
51,128236,18,8,1,9,48,0,Stay
24,155797,19,5,0,10,46,8,Leave
38,60180,13,2,0,6,14,2,Stay
59,43350,2,4,0,9,23,10,Stay
31,33689,17,2,0,6,20,1,Leave
37,91067,8,8,0,1,35,5,Leave
38,104464,2,6,0,8,5,10,Stay
60,145156,9,5,1,1,23,1,Stay
54,57009,19,2,1,8,20,2,Leave
27,151329,10,10,0,7,33,5,Stay
31,122752,3,1,1,2,1,6,Leave
51,159230,11,2,1,7,50,1,Leave
31,92896,14,2,1,1,39,4,Leave
56,150134,18,3,1,4,40,7,Leave
31,38767,19,2,0,6,39,3,Leave
40,146855,6,9,1,5,11,0,Stay
44,79591,3,9,0,5,40,8,Stay
42,113038,6,6,0,3,32,3,Stay
32,56096,14,1,0,10,43,2,Leave
48,150028,11,3,1,3,32,7,Leave
28,103159,9,3,1,9,10,0,Leave
55,96915,16,2,1,7,25,6,Leave
44,145675,12,6,0,2,25,4,Stay
51,85447,20,8,1,4,18,3,Leave
57,72190,7,7,1,6,34,8,Leave
60,70378,11,7,1,9,20,2,Stay
34,96091,17,9,1,6,46,5,Leave
42,94958,13,10,0,9,16,3,Stay
48,50752,8,3,0,4,9,2,Stay
40,89109,14,6,0,10,1,1,Stay
51,150558,10,5,0,1,42,0,Stay
45,94970,1,10,1,9,37,0,Leave
58,84775,16,7,1,5,30,4,Stay
24,35473,5,8,0,4,18,0,Stay
53,107638,19,3,1,2,31,1,Leave
47,105087,11,5,0,8,10,9,Stay
55,110907,11,10,1,7,4,9,Leave
38,141017,2,4,1,5,3,3,Leave
53,20353,6,6,1,5,47,8,Leave
51,109177,5,1,1,10,35,2,Leave
49,118545,16,5,0,5,10,9,Stay
49,99795,3,1,0,3,4,8,Stay
55,62783,9,6,0,7,46,1,Stay
39,136027,12,4,0,10,33,6,Leave
59,41780,18,7,0,7,42,8,Stay
21,146559,6,8,1,2,6,9,Stay
35,82256,19,9,1,9,23,7,Leave
53,141372,14,1,1,2,28,3,Leave
36,50942,9,8,0,6,48,4,Stay
33,146598,2,1,0,6,10,1,Stay
49,48989,6,7,1,10,30,7,Stay
40,77616,2,8,1,3,3,4,Stay
44,31363,6,2,1,10,40,7,Leave
30,61257,15,8,1,6,11,0,Stay
41,55685,19,9,0,8,11,9,Stay
42,108049,2,9,0,9,9,6,Stay
43,148159,10,4,1,2,22,8,Leave
59,70560,10,7,0,7,31,9,Stay
46,45380,10,9,0,1,41,3,Stay
53,91702,10,3,1,7,29,5,Leave
49,119109,8,2,0,1,17,9,Leave
48,60421,2,2,0,2,39,5,Leave
39,143727,17,8,0,5,16,6,Stay
44,90223,18,8,1,7,47,7,Stay
42,45810,6,10,1,3,14,7,Stay
33,95966,2,1,0,1,21,10,Stay
60,132828,11,4,0,10,22,7,Leave
59,145515,17,3,0,5,20,6,Leave
22,40893,11,3,0,3,45,8,Stay
23,24696,14,7,0,3,25,10,Stay
30,36383,0,6,0,1,37,1,Stay
31,75655,16,3,0,10,10,3,Leave
59,106374,16,5,1,4,33,2,Leave
30,83829,15,5,0,1,43,8,Stay
25,80211,1,9,1,6,50,7,Leave
33,154635,11,7,0,5,47,5,Stay
42,148995,5,5,1,6,30,6,Stay
35,104562,12,8,0,10,9,2,Stay
46,113841,5,1,0,3,3,3,Stay
40,126136,6,3,0,3,16,5,Leave
26,27969,13,1,0,5,2,10,Leave
41,38389,15,7,0,2,50,3,Stay
24,105399,18,2,0,3,5,9,Stay
24,55892,16,1,0,3,29,3,Stay
39,71494,8,2,1,8,39,10,Leave
32,157396,0,10,1,2,13,5,Stay
53,113633,8,5,1,5,44,4,Leave
26,119680,17,2,1,3,40,7,Leave
25,34415,14,1,1,10,49,4,Leave
25,74903,20,7,0,4,30,10,Stay
44,142935,3,4,0,8,40,8,Leave
47,89518,3,2,0,3,41,3,Stay
26,80450,20,10,1,4,41,0,Stay
22,125193,8,8,1,10,44,5,Leave
59,135519,4,4,1,4,26,9,Leave
57,117548,16,3,0,6,49,1,Leave
52,115181,5,10,0,3,27,8,Stay
60,27465,14,7,0,2,16,4,Stay
40,48510,3,7,1,5,44,6,Leave
48,50942,1,3,1,7,28,5,Leave
31,52062,19,4,1,5,36,9,Leave
55,152216,13,7,0,8,38,2,Stay
33,22083,4,3,1,3,4,9,Leave
59,123105,3,6,1,9,43,1,Stay
52,23506,20,2,1,2,27,6,Leave
53,116209,3,7,1,3,14,7,Leave
43,65271,18,1,0,1,27,9,Stay
34,80280,19,5,0,3,41,10,Stay
31,95618,18,2,1,5,39,4,Leave
28,122734,6,9,0,1,27,9,Stay
40,56655,10,10,1,5,39,1,Stay
40,54000,3,4,1,4,39,7,Leave
27,129425,1,8,0,8,49,3,Stay
59,122759,0,2,0,6,9,2,Leave
40,92784,3,4,0,3,42,1,Stay
45,64313,18,10,0,3,21,0,Stay
46,152745,7,4,0,4,38,1,Leave
42,74554,15,4,0,7,15,1,Stay
22,73460,4,2,0,3,50,8,Leave
36,56763,11,7,1,8,22,7,Stay
30,26212,5,2,0,4,16,9,Leave
35,144143,16,7,0,1,9,6,Stay
49,86820,3,6,1,4,20,1,Stay
59,104525,2,4,1,9,31,10,Leave
31,46061,9,6,1,9,48,6,Leave
40,73038,12,1,1,8,10,7,Stay
47,106937,8,2,1,6,20,8,Stay
54,91183,8,3,0,3,26,4,Stay
58,51081,4,7,1,7,27,6,Leave
52,141874,0,7,0,7,24,8,Stay
27,150461,1,8,1,10,13,8,Leave
28,42494,5,4,1,5,26,5,Leave
47,127589,6,6,1,4,48,0,Stay
48,151286,7,4,1,5,30,6,Leave
40,103865,12,3,1,10,47,8,Leave
53,105693,6,4,0,4,10,2,Stay
42,42571,12,3,1,7,17,5,Leave
55,86129,4,4,0,3,21,2,Stay
31,131711,7,5,1,2,35,3,Stay
42,121992,5,5,1,1,48,8,Leave
22,35457,3,2,1,7,50,7,Leave
24,81135,3,4,0,10,22,10,Leave
37,55863,9,7,0,1,1,5,Stay
31,53335,16,1,1,2,36,5,Leave
35,31509,11,6,1,4,5,7,Leave
27,142779,14,4,1,4,7,5,Leave
60,20690,20,8,0,6,36,9,Stay
33,41230,4,6,0,5,25,9,Stay
38,101270,6,2,1,3,50,5,Leave
30,43678,6,9,0,8,41,3,Stay
23,157407,4,9,0,10,15,0,Stay
37,122551,16,10,1,8,45,3,Leave
56,84846,19,6,1,4,39,7,Leave
30,112086,1,9,1,5,44,0,Stay
28,138849,9,5,0,1,22,3,Stay
57,120931,8,1,0,4,4,10,Stay
39,78717,10,8,1,3,34,1,Stay
31,58929,0,4,1,1,42,6,Leave
47,80761,14,3,1,8,37,1,Leave
46,52370,16,8,1,4,8,9,Leave
59,94884,2,7,1,7,32,0,Stay
23,151073,16,9,0,9,14,1,Stay
26,49862,5,7,1,3,22,5,Leave
35,133416,19,3,1,8,4,2,Leave
42,76326,13,3,1,5,8,7,Leave
50,52254,12,9,0,4,32,5,Stay
37,104727,11,3,1,6,20,3,Leave
31,43067,6,5,0,1,9,0,Stay
44,73169,1,7,1,5,9,6,Leave
23,120885,7,5,0,4,8,2,Stay
58,106222,7,4,1,3,8,9,Leave
60,134408,7,4,0,6,23,7,Leave
44,53366,17,6,0,7,34,6,Stay
44,78354,9,2,0,10,23,8,Stay
33,148523,8,9,0,7,13,1,Stay
59,75063,15,3,1,10,40,2,Leave
49,59433,14,9,1,6,31,4,Stay
28,36520,0,9,0,4,26,2,Stay
28,89061,9,3,1,8,34,10,Leave
28,157449,12,5,0,5,25,9,Stay
41,20846,7,8,1,9,6,5,Leave
51,113980,10,7,0,5,1,2,Stay
54,154167,9,7,1,7,31,8,Leave
50,111964,12,9,1,5,8,3,Stay
27,120204,4,5,0,6,24,2,Stay
54,128575,3,1,0,4,5,3,Stay
37,122539,14,3,1,5,7,6,Leave
22,144086,2,5,1,4,30,7,Leave
41,57475,3,7,1,2,13,8,Stay
43,131921,16,9,1,4,9,0,Stay
57,79998,0,9,1,2,26,2,Stay
29,54321,1,5,0,7,12,3,Stay
45,58316,8,10,0,2,24,2,Stay
29,79471,12,4,0,10,43,6,Leave
53,46027,7,3,0,8,19,10,Stay
53,52584,16,5,0,10,15,5,Stay
32,140890,3,9,0,2,27,9,Stay
56,121061,4,9,1,3,2,1,Stay
42,94863,3,1,1,7,21,2,Stay
49,120106,17,5,0,2,2,8,Stay
34,129570,2,8,1,9,16,4,Stay
56,37264,7,9,0,5,10,6,Stay
33,108020,7,8,1,10,19,7,Leave
38,97632,7,1,1,8,38,2,Leave
55,71504,14,2,0,2,38,8,Stay
52,99744,13,6,0,8,10,2,Stay
42,55792,5,9,1,2,1,4,Stay
31,133357,5,2,1,10,20,8,Leave
52,65985,13,8,1,2,37,2,Leave
26,47099,19,5,1,3,47,6,Stay
45,35750,7,8,1,7,7,1,Stay
26,147135,6,2,1,1,34,7,Leave
56,128851,6,3,1,7,4,9,Leave
23,130275,16,10,1,1,48,2,Stay
60,83254,20,3,1,4,23,5,Stay
26,88730,15,1,0,9,10,0,Stay
34,27214,14,2,1,4,5,10,Leave
29,25458,16,5,1,10,30,10,Leave
40,37412,11,3,1,2,41,5,Leave
42,60336,1,2,0,9,28,4,Leave
37,113641,3,3,0,5,5,9,Stay
21,76783,1,7,0,2,18,5,Stay
55,70985,11,2,0,6,43,6,Leave
60,154759,4,9,1,5,39,5,Leave
29,105562,11,3,1,4,20,0,Stay
21,97442,6,9,0,10,34,10,Stay
33,99196,9,10,0,9,39,5,Stay
60,117510,0,2,1,1,48,2,Leave
24,132441,2,6,0,5,26,4,Stay
44,50056,7,9,0,6,29,6,Stay
35,73867,20,2,0,6,20,10,Stay
37,78632,18,7,1,4,30,8,Leave
49,146018,11,6,0,8,28,6,Stay
40,74608,5,1,1,7,12,4,Leave
31,122338,10,5,0,7,15,1,Stay
35,24531,8,2,1,9,43,2,Leave
42,27126,15,1,0,8,17,7,Leave
32,148387,0,5,1,7,28,8,Stay
24,93871,1,2,1,2,33,9,Leave
21,69826,12,7,1,9,8,2,Stay
46,55366,0,10,0,5,39,9,Stay
31,133140,7,6,1,3,44,3,Leave
41,66850,20,7,0,3,20,4,Stay
38,23614,12,9,0,3,21,9,Stay
57,113899,13,1,1,9,30,8,Leave
51,106035,13,2,1,4,13,10,Leave
35,146026,13,1,0,4,40,7,Stay
41,28845,5,5,0,5,18,3,Stay
38,96824,14,10,0,1,13,9,Stay
23,50203,4,9,1,7,23,10,Stay
43,58954,12,10,0,5,7,3,Stay
32,106010,10,7,1,1,42,7,Stay
48,148370,18,7,1,2,27,5,Stay
41,105855,14,8,1,9,44,5,Leave
42,108886,3,4,1,2,47,0,Leave
37,47971,17,10,1,7,31,2,Leave
38,147286,0,2,1,6,5,8,Leave
34,47264,0,1,0,8,16,1,Stay
52,156633,16,1,1,4,39,6,Leave
27,99753,8,3,0,7,24,0,Stay
25,98972,12,10,1,4,38,4,Leave
43,78589,8,5,1,9,14,1,Leave
24,40645,15,5,0,5,31,6,Stay
56,30895,11,1,0,8,33,7,Stay
44,55899,2,2,0,5,33,3,Stay
49,77072,15,9,1,6,6,1,Stay
25,62242,15,7,0,4,37,8,Stay
37,89555,2,5,1,10,11,8,Leave
38,148903,7,6,1,10,21,3,Stay
47,80546,19,6,0,7,28,7,Stay
50,127772,3,6,0,1,13,2,Stay
32,139721,20,5,1,2,11,7,Leave
35,154036,19,5,1,4,22,3,Leave
45,64367,16,8,1,6,26,2,Stay
59,84402,6,7,1,7,6,0,Leave
53,66103,13,10,1,3,5,6,Stay
50,112308,7,4,1,10,50,3,Leave
22,85408,19,6,1,3,43,3,Stay
26,33720,16,10,0,10,41,1,Stay
44,42064,5,8,0,7,18,5,Stay
39,116450,18,10,1,5,27,1,Stay
37,77651,12,5,0,2,19,10,Stay
21,38050,8,5,1,4,39,5,Stay
39,77011,9,8,0,4,30,3,Stay
28,64506,15,10,0,4,1,0,Stay
56,78048,11,6,1,5,33,9,Stay
29,133352,17,9,1,2,37,8,Leave
28,123998,13,1,0,6,18,3,Stay
21,34787,17,7,1,1,45,5,Leave
44,152049,18,10,1,2,15,6,Stay
49,145983,3,3,0,1,31,10,Leave
53,128202,5,8,0,7,19,3,Stay
30,95540,3,2,0,10,41,8,Stay
56,27739,0,2,0,6,18,2,Leave
30,95651,11,7,1,1,37,4,Leave
59,81782,10,10,1,4,22,4,Stay
43,60814,19,2,0,3,30,5,Stay
31,80417,13,1,0,5,50,10,Leave
54,157433,19,1,1,2,38,1,Leave
40,117525,0,6,1,4,14,8,Stay
54,31462,11,6,1,5,29,7,Leave
48,153467,11,2,1,8,37,5,Leave
45,22529,19,9,0,6,40,0,Stay
49,35414,20,6,1,7,38,8,Leave
36,121075,8,3,0,6,3,10,Leave
49,78840,10,9,0,7,44,6,Leave
42,120833,16,1,0,9,14,7,Leave
38,96361,5,1,1,4,9,3,Leave
21,95402,9,3,0,7,44,3,Leave
56,134344,16,2,0,5,23,0,Stay
31,77791,8,4,0,6,21,0,Stay
36,90601,7,6,0,1,27,7,Stay
54,44771,12,4,1,4,38,10,Leave
36,111567,2,7,1,10,19,7,Stay
55,36501,20,9,1,5,44,6,Leave
53,121095,20,1,1,3,43,2,Leave
27,88944,17,6,0,10,40,8,Stay
34,90309,9,8,1,10,27,10,Leave
40,82444,11,4,0,3,4,8,Stay
45,24922,10,1,1,3,21,10,Leave
33,96738,13,8,1,4,8,0,Stay
23,118771,15,8,0,4,18,7,Stay
43,32462,19,4,1,4,47,3,Leave
42,30490,19,5,1,8,40,8,Leave
56,34230,3,10,1,3,42,9,Leave
35,57309,20,8,1,5,29,5,Leave
26,63937,14,1,1,2,44,3,Leave
30,154369,7,3,1,6,4,7,Leave
32,159420,5,6,0,10,40,10,Stay
38,66955,8,4,1,5,50,4,Leave
35,64792,1,4,0,1,28,10,Leave
50,144754,0,1,0,1,38,10,Leave
39,76948,2,9,1,2,6,0,Stay
51,69008,7,6,1,9,31,10,Leave
44,20350,20,2,0,5,4,8,Stay
40,102029,4,5,0,8,14,0,Stay
29,22530,4,4,1,1,26,9,Leave
45,93376,5,7,0,2,8,3,Stay
48,87758,12,3,1,9,1,10,Leave
58,134432,6,10,0,1,36,0,Stay
60,59379,20,3,1,5,28,9,Leave
58,110788,5,8,0,9,4,3,Stay
58,98822,19,8,1,9,5,0,Stay
49,59614,14,7,1,2,46,1,Leave
42,86355,16,5,0,4,39,0,Stay
56,101092,16,1,0,5,25,9,Stay
31,128123,8,1,0,2,10,3,Leave
45,127745,19,3,1,5,17,2,Leave
59,77476,16,8,1,4,44,10,Leave
24,158627,12,4,0,10,38,1,Leave
53,71216,20,4,0,9,26,9,Stay
53,112755,0,10,1,10,36,8,Leave
31,57126,18,6,0,2,41,7,Stay
54,112042,6,4,1,3,7,1,Leave
56,138141,0,5,1,8,48,4,Leave
41,41153,5,2,1,3,39,4,Leave
34,154748,7,3,0,5,9,2,Stay
39,29675,9,1,1,5,6,2,Leave
44,147830,9,5,1,9,35,7,Stay
43,67405,12,8,1,10,31,4,Stay
48,72871,9,8,1,6,25,6,Leave
30,131904,9,3,1,9,31,9,Leave
35,66117,6,3,1,3,18,3,Stay
24,63278,4,8,0,9,27,2,Stay
57,69408,0,10,1,7,1,9,Leave
33,52011,11,8,0,2,30,4,Stay
51,117460,4,7,1,10,5,9,Leave
35,122830,12,5,0,7,26,6,Stay
58,132367,20,4,1,10,23,1,Leave
57,59405,19,10,0,5,44,6,Stay
37,154937,19,9,1,2,26,4,Stay
27,68068,7,8,1,3,18,8,Leave
43,38935,3,6,0,7,29,6,Stay
26,28097,12,4,1,3,36,9,Leave
25,118623,19,10,1,3,10,2,Stay
44,69197,17,7,0,4,33,8,Leave
41,158451,0,7,1,5,25,6,Stay
53,132465,19,8,1,5,17,7,Leave
38,61455,7,3,0,8,42,0,Stay
24,66063,9,9,0,2,27,0,Stay
25,126129,9,3,0,4,39,5,Stay
59,24776,8,6,1,9,33,1,Leave
58,41381,3,8,0,10,23,6,Stay
37,100819,3,4,1,3,21,1,Stay
52,122271,4,9,1,3,29,1,Leave
30,44140,13,5,1,3,35,0,Stay
45,100286,10,4,1,3,4,6,Leave
26,86770,5,10,0,8,19,8,Stay
30,126024,6,1,0,4,50,5,Leave
54,139321,19,8,0,5,16,4,Stay
24,112216,6,2,0,4,25,3,Stay
44,44980,0,9,0,8,24,10,Leave
26,87466,14,8,1,6,22,7,Stay
42,84206,13,6,1,3,21,6,Leave
43,122205,17,4,1,6,18,6,Leave
45,63843,3,9,0,8,2,1,Stay
53,113669,9,7,0,3,27,5,Stay
38,137615,8,9,0,7,11,3,Stay
28,43063,2,9,1,7,16,1,Stay
37,133977,3,3,0,3,25,8,Leave
55,50626,5,7,0,9,19,9,Stay
52,141746,8,6,0,1,2,2,Stay
57,81852,11,1,0,8,20,1,Stay
31,112573,16,4,0,6,44,4,Leave
43,22293,7,3,1,6,26,3,Leave
25,53787,19,2,0,2,47,7,Leave
46,46889,3,6,1,10,8,9,Stay
52,41958,4,10,0,7,43,1,Stay
45,144196,19,10,0,2,43,10,Leave
40,36830,17,3,1,1,1,5,Leave
21,104237,0,6,1,4,1,10,Stay
40,88505,13,8,0,8,50,7,Leave
21,54733,0,4,1,1,13,6,Leave
37,112757,15,3,0,10,19,9,Stay
59,64993,12,7,0,10,38,10,Leave
44,141541,20,3,0,2,1,0,Stay
40,53065,16,4,1,6,47,7,Leave
26,78938,3,2,1,4,42,9,Leave
24,115298,17,10,1,8,18,10,Stay
22,68693,3,2,1,8,44,6,Leave
41,82638,4,4,0,9,50,3,Stay
54,140352,0,7,1,4,28,10,Leave
23,62171,16,8,1,4,31,3,Stay
33,131261,15,4,1,2,7,7,Leave
53,83161,3,5,1,3,19,3,Leave
52,145302,8,1,0,2,48,4,Leave
60,135361,2,5,0,5,1,8,Stay
59,67025,8,4,1,2,23,7,Leave
49,101656,8,4,1,4,7,5,Leave
21,139868,1,2,1,9,33,6,Leave
54,92280,14,2,1,1,26,0,Leave
33,66621,9,6,0,10,26,8,Stay
46,93587,15,10,1,5,38,9,Leave
41,86511,16,3,0,5,15,10,Stay
30,25250,3,8,1,10,16,6,Leave
25,71462,9,2,0,8,39,2,Leave
34,143280,19,4,1,10,4,10,Leave
37,111515,18,7,0,1,2,1,Stay
55,34025,3,3,0,7,49,1,Stay
34,144256,10,6,1,8,19,3,Stay
37,156489,3,8,1,6,21,10,Stay
33,93737,8,7,1,6,32,1,Stay
60,139531,5,9,1,5,27,0,Stay
41,24820,10,9,0,6,44,10,Stay
40,114994,14,8,0,3,6,3,Stay
57,79408,20,5,1,1,21,7,Stay
51,113961,9,3,1,7,42,1,Leave
60,49816,17,2,1,10,40,4,Leave
34,56603,1,6,1,9,20,1,Stay
22,106307,2,7,1,1,47,8,Leave
29,79933,13,10,0,7,3,4,Stay
43,38457,9,8,0,9,13,4,Stay
31,103497,20,8,1,8,1,3,Stay
40,32924,19,8,1,2,9,2,Leave
21,101646,17,7,0,8,36,6,Stay
28,91852,1,8,1,5,42,0,Leave
23,99415,7,4,1,6,43,3,Leave
48,39413,2,7,0,1,44,4,Leave
25,76796,6,6,0,4,39,6,Stay
25,52536,0,9,0,3,41,0,Stay
23,77071,6,8,1,10,11,5,Stay
22,136527,16,7,1,5,13,3,Leave
53,72159,0,8,0,10,40,8,Leave
51,100155,5,8,1,10,14,6,Stay
31,63155,7,3,1,6,43,0,Leave
25,109986,8,8,1,8,34,6,Leave
32,42303,20,6,0,1,41,1,Stay
40,51091,9,2,1,2,22,6,Leave
38,130669,13,8,1,8,27,6,Stay
59,104148,3,1,0,3,23,0,Stay
51,107165,13,7,0,4,44,7,Stay
54,71747,7,7,0,5,28,1,Stay
26,63287,5,3,0,4,49,5,Leave
48,31805,9,7,1,7,16,2,Leave
38,147909,13,7,0,10,47,1,Stay
59,38760,14,10,0,5,42,8,Leave
34,134760,15,3,1,5,50,8,Leave
52,88293,4,5,0,2,39,1,Stay
54,50708,10,1,0,3,16,0,Leave
26,76861,4,1,0,7,44,8,Leave
33,34599,13,10,1,10,15,3,Stay
42,147703,8,4,1,5,30,8,Leave
52,32833,17,9,0,9,39,7,Stay
48,35868,2,9,0,5,47,9,Leave
53,76036,9,5,0,7,24,4,Stay
57,130609,13,4,1,5,1,2,Leave
21,77990,19,2,0,3,23,8,Leave
38,128753,16,8,0,4,40,10,Stay
28,121008,19,7,1,3,26,4,Stay
43,144478,9,7,1,1,14,4,Stay
22,76067,5,4,0,6,34,7,Leave
41,112684,6,2,0,6,48,9,Leave
26,76512,4,7,1,2,35,6,Leave
47,25154,3,3,0,9,34,3,Leave
51,35286,7,6,1,2,45,6,Leave
43,85929,16,8,1,7,46,6,Stay
53,70625,12,1,1,4,50,6,Leave
35,100652,16,7,1,7,49,3,Stay
22,96258,16,1,1,3,13,3,Stay
29,38965,1,3,0,9,44,7,Leave
49,136006,8,8,0,1,50,7,Leave
47,49902,0,5,1,2,27,10,Stay
29,118466,14,3,0,7,5,3,Stay
44,93606,0,10,1,8,22,8,Stay
40,49529,10,3,1,4,41,10,Leave
38,30695,1,3,1,6,21,6,Leave
56,132733,16,6,1,8,7,9,Leave
60,116594,17,4,1,1,37,2,Leave
48,38071,13,3,1,3,13,2,Leave
30,59829,8,4,1,3,30,10,Leave
25,59860,9,3,0,6,5,10,Stay
24,32042,19,1,1,8,37,7,Leave
36,90942,15,7,1,8,38,9,Stay
37,120207,5,9,0,6,12,9,Stay
35,75826,12,8,1,6,43,2,Leave
37,71690,3,4,0,3,34,7,Leave
49,130684,7,4,0,5,49,10,Stay
51,44281,1,9,1,9,26,8,Leave
57,153772,0,7,0,10,9,3,Stay
35,58480,19,7,0,3,23,0,Stay
60,158925,11,4,1,4,47,2,Leave
53,74486,17,7,0,8,37,6,Stay
54,55304,19,7,1,9,13,4,Leave
44,56695,10,6,1,4,30,2,Stay
44,112532,4,1,0,2,14,8,Leave
31,100958,7,8,0,10,11,5,Stay
48,148741,11,9,0,10,42,7,Leave
40,72756,17,1,1,5,10,5,Leave
44,33044,4,9,1,4,27,3,Leave
44,55755,2,5,1,2,36,10,Stay
41,24773,12,8,1,4,30,7,Leave
22,137248,14,6,0,3,30,0,Stay
51,73865,10,9,1,3,6,9,Stay
24,141299,3,6,1,1,36,1,Stay
41,128458,13,9,0,8,3,6,Stay
39,86593,17,3,0,2,43,6,Leave
26,26692,0,5,0,4,41,0,Leave
60,70714,3,9,1,1,28,2,Leave
43,73824,12,8,0,4,40,4,Stay
24,148738,4,8,0,10,6,9,Stay
47,157637,16,4,1,8,29,9,Leave
25,156493,19,2,1,9,40,3,Leave
58,85066,19,9,1,1,49,4,Stay
38,71546,8,9,0,4,27,8,Stay
38,149703,11,3,0,9,40,7,Leave
49,41241,19,6,0,2,49,9,Stay
59,25447,15,8,0,3,38,0,Stay
37,62484,8,10,0,10,45,8,Stay
21,127982,15,2,0,5,37,10,Stay
33,96812,19,5,1,9,25,7,Leave
30,83188,11,7,0,6,42,2,Stay
57,130526,14,4,0,7,39,10,Stay
27,157287,7,10,1,5,27,8,Stay
41,149843,15,4,1,4,44,8,Leave
27,27571,19,9,1,10,21,5,Leave
23,70484,7,2,1,3,25,10,Leave
53,106185,1,8,1,2,45,5,Stay
49,74205,8,9,0,7,13,4,Stay
25,108321,20,2,1,7,21,5,Stay
49,27527,3,1,1,6,25,8,Leave
42,76409,12,8,1,6,31,10,Leave
46,82457,12,7,0,4,8,0,Stay
60,124039,10,10,1,4,10,6,Stay
37,132795,2,4,0,4,10,1,Leave
40,67676,0,7,0,1,9,4,Stay
54,54871,8,8,1,3,34,2,Leave
29,72105,6,3,0,1,50,3,Leave
50,79896,14,6,0,8,4,7,Stay
56,92076,6,1,1,8,18,7,Leave
33,92777,11,9,1,1,29,4,Stay
22,104471,11,6,0,9,15,8,Stay
27,24757,5,6,1,5,37,10,Leave
59,66685,6,8,1,3,22,1,Stay
56,147490,8,3,1,10,7,0,Leave
42,115607,9,6,0,5,35,10,Stay
23,50289,1,9,0,1,46,1,Leave
54,122349,17,4,0,9,2,4,Stay
46,21654,7,10,0,1,28,0,Stay
40,130505,18,4,1,9,46,4,Leave
37,59953,1,8,1,3,32,1,Leave
41,78496,5,3,0,10,24,7,Stay
58,25853,13,7,1,8,30,2,Stay
25,116430,18,2,0,5,37,1,Stay
57,27308,18,10,0,4,44,7,Leave
56,141189,7,3,0,5,20,7,Leave
22,135142,1,1,1,6,36,3,Leave
46,75915,12,9,0,9,6,5,Stay
60,155239,16,3,1,3,13,6,Stay
43,157534,5,5,1,6,23,3,Leave
49,140875,15,8,1,4,20,10,Stay
58,137414,14,8,0,6,5,1,Stay
33,104685,1,3,0,9,20,6,Stay
50,85384,18,2,1,1,4,3,Leave
51,127508,4,3,1,4,50,2,Leave
47,46827,1,3,1,9,27,1,Leave
60,147168,13,7,1,8,27,6,Stay
46,112644,18,9,1,10,22,6,Stay
36,24879,12,4,0,10,37,6,Leave
38,121558,0,10,1,5,26,4,Leave
47,24861,1,5,1,1,3,1,Stay
54,78003,9,5,0,7,38,4,Stay
54,89445,8,10,1,4,30,9,Stay
29,43297,9,10,0,4,5,2,Stay
33,123871,18,5,1,2,37,7,Stay
43,145672,0,1,1,10,10,4,Leave
55,97040,19,1,1,7,41,9,Leave
56,118701,12,6,1,1,43,2,Leave
54,85859,6,8,1,6,17,0,Leave
43,22210,10,2,0,5,27,4,Leave
27,20304,2,1,1,6,21,0,Leave
32,67902,20,8,0,5,20,4,Stay
22,115495,19,4,1,4,34,8,Leave
31,119545,13,1,0,9,12,9,Stay
59,93065,6,4,1,7,35,7,Leave
21,54114,8,5,0,4,31,1,Stay
53,118540,12,3,0,8,26,1,Stay
40,140738,18,5,0,1,12,3,Stay
42,45262,14,8,1,6,15,5,Stay
43,89864,19,4,0,6,43,5,Leave
55,115474,3,10,1,5,8,10,Leave
47,75299,9,1,1,9,31,4,Leave
31,118840,2,4,1,3,4,3,Leave
28,42984,20,6,0,4,46,4,Stay
23,130849,4,4,0,3,27,9,Leave
25,89022,4,9,1,8,9,6,Leave
43,114767,14,1,0,9,15,2,Stay
49,141304,10,7,1,10,49,4,Stay
32,119679,3,1,0,5,22,1,Stay
55,119039,14,6,0,5,30,8,Stay
32,115085,12,9,0,4,29,10,Stay
32,36550,9,9,1,7,37,0,Leave
43,102094,12,5,1,3,16,2,Leave
33,93622,2,10,1,6,42,3,Leave
39,86375,18,10,1,8,19,5,Stay
29,21199,11,10,0,4,8,9,Stay
56,121969,12,5,1,8,27,4,Stay
58,26982,17,9,0,6,41,3,Stay
38,87681,5,9,0,10,20,0,Stay
37,65779,11,10,1,3,29,0,Stay
59,73810,4,4,0,7,24,3,Stay
40,71038,19,1,1,3,27,10,Leave
43,55820,7,3,0,1,10,7,Stay
58,128908,13,4,1,4,2,4,Leave
26,56589,7,8,0,2,27,1,Stay
60,37049,11,1,0,10,37,10,Leave
42,137166,18,3,0,3,26,8,Leave
54,49348,20,7,0,3,44,1,Stay
21,147574,0,7,0,6,6,9,Stay
31,74849,0,7,1,10,42,10,Leave
47,46615,7,10,1,3,13,10,Stay
51,63510,8,5,1,8,5,0,Stay
26,111258,13,10,0,3,38,5,Stay
51,86229,5,7,0,3,44,5,Stay
50,70457,19,1,1,8,17,0,Leave
38,151060,4,8,1,2,10,8,Stay
32,110559,12,5,0,10,12,5,Stay
26,141603,17,9,0,7,46,5,Stay
23,140688,5,9,1,2,47,0,Leave
33,94847,0,1,1,10,35,3,Leave
39,100749,0,10,1,9,17,8,Stay
54,22998,3,4,0,10,30,5,Stay
33,128126,0,8,0,3,5,7,Stay
28,68751,3,8,1,9,48,2,Leave
49,136800,8,1,1,6,1,5,Leave
45,92059,13,9,1,8,13,3,Stay
32,71408,0,6,1,4,1,0,Stay
41,118433,1,10,1,1,26,6,Leave
29,38424,4,10,1,9,49,6,Leave
37,23251,2,9,0,7,24,10,Stay
50,44069,15,5,0,8,4,10,Stay
49,50243,7,7,1,1,46,0,Stay
37,99636,1,6,0,8,25,2,Stay
28,113375,19,3,0,10,36,0,Stay
29,78859,8,10,1,6,47,8,Leave
53,157261,17,5,1,1,29,9,Stay
26,40781,17,3,1,5,31,3,Leave
22,71739,18,3,1,6,47,4,Leave
46,85417,14,1,1,4,13,10,Leave
57,64546,3,8,0,3,44,0,Stay
42,116113,13,3,1,3,39,8,Leave
28,145634,6,3,1,5,26,9,Leave
47,58314,18,7,1,6,32,2,Stay
52,62543,2,8,0,3,16,4,Stay
28,49549,6,4,0,3,24,0,Stay
48,119225,14,9,0,7,30,2,Stay
36,90311,4,10,0,6,48,3,Stay
25,109200,12,7,1,8,43,7,Stay
54,101836,19,2,1,9,39,7,Leave
60,144765,15,1,0,10,26,6,Leave
46,152183,15,2,1,7,46,8,Leave
49,157847,12,7,0,10,49,9,Stay
45,75480,0,3,0,1,23,4,Stay
56,59665,6,1,1,1,6,1,Stay
24,105154,2,9,0,1,4,0,Stay
32,23005,3,3,1,3,33,7,Leave
38,101535,1,8,1,5,14,10,Leave
51,96267,16,3,0,10,18,3,Stay
37,72625,10,9,1,10,25,5,Stay
38,77300,4,3,0,9,18,2,Stay
22,25308,7,9,1,1,10,6,Leave
32,108763,20,1,1,8,27,6,Leave
37,156539,11,4,0,2,46,10,Leave
40,149951,14,2,1,1,37,10,Leave
27,108633,2,9,1,2,46,2,Leave
24,21245,20,5,1,9,5,1,Stay
31,128783,2,9,1,4,47,2,Leave
54,55406,2,9,0,10,40,6,Stay
41,142784,6,2,1,3,36,8,Leave
44,85428,5,8,1,8,35,8,Stay
31,77038,6,8,0,1,48,9,Stay
28,23953,18,8,1,8,2,1,Stay
38,69807,3,6,1,3,11,1,Leave
25,100747,6,1,1,10,20,1,Stay
42,80692,7,5,0,6,33,1,Stay
25,124022,12,6,1,6,32,8,Leave
52,135526,19,7,0,4,8,1,Stay
25,132324,4,2,1,4,17,6,Leave
29,127345,2,9,0,8,12,9,Stay
49,21320,16,6,0,10,25,0,Stay
40,129407,11,8,1,8,27,0,Leave
47,157943,1,2,0,8,46,4,Leave
57,140676,2,5,0,8,34,9,Stay
47,93680,11,9,0,7,15,7,Leave
42,156507,4,5,1,9,44,9,Stay
36,115962,6,5,0,3,36,0,Stay
25,136973,1,5,1,3,22,3,Leave
34,28810,6,6,1,5,31,4,Leave
45,86019,9,1,1,8,43,8,Leave
42,46799,10,6,1,8,3,10,Stay
57,67474,1,9,1,6,9,4,Leave
49,82606,1,10,1,5,19,6,Leave
54,84890,15,8,1,4,32,4,Leave
33,153762,7,6,1,4,6,3,Stay
56,133625,11,9,1,5,12,2,Leave
33,140828,20,8,1,3,46,0,Leave
52,104941,0,4,0,2,28,7,Leave
32,55588,11,6,1,10,38,10,Leave
59,67846,6,6,1,7,19,8,Stay
35,89848,11,5,0,3,36,9,Stay
52,130062,13,2,0,6,23,6,Leave
58,130402,4,9,0,3,38,2,Stay
47,112572,12,8,0,3,42,10,Stay
26,151396,18,4,0,2,28,0,Stay
33,63847,7,2,0,10,17,5,Stay
30,56856,16,4,1,2,41,9,Leave
22,35564,12,7,1,8,22,6,Leave
41,112232,2,5,0,2,19,10,Stay
32,153823,6,7,1,2,39,7,Leave
30,141280,2,8,1,6,11,2,Leave
33,115428,4,9,0,4,10,5,Stay
34,152829,14,7,1,8,24,5,Stay
32,37474,6,7,0,1,22,8,Stay
57,52399,19,6,0,2,21,7,Stay
23,53128,12,4,1,7,6,3,Leave
42,44364,10,2,1,10,24,10,Leave
56,113227,1,8,1,4,44,0,Leave
26,86392,20,6,0,3,31,9,Stay
26,124138,20,10,1,4,10,5,Stay
43,156500,20,5,0,1,19,6,Leave
24,139133,7,3,1,2,12,0,Stay
23,157119,12,10,1,7,25,5,Stay
49,70787,12,1,0,2,45,6,Leave
27,74009,7,4,1,3,13,1,Leave
30,61317,8,5,1,3,20,4,Stay
51,84255,12,8,0,7,50,7,Stay
36,76098,1,4,0,3,22,10,Leave
39,59839,18,2,1,7,25,5,Leave
45,150808,19,7,1,9,11,10,Leave
21,80258,1,2,0,3,26,2,Leave
41,137481,17,5,1,1,41,7,Leave
43,23083,5,2,0,8,32,3,Leave
42,122456,9,2,0,5,24,0,Leave
54,51410,18,5,1,4,12,5,Stay
38,133408,7,1,1,9,12,10,Leave
37,75208,20,6,1,4,12,5,Stay
33,87352,20,5,1,5,19,0,Leave
29,106888,11,4,0,10,1,5,Stay
45,74136,14,4,1,2,42,3,Leave
44,128438,9,3,0,10,5,0,Stay
39,22547,16,6,1,6,7,9,Stay
56,45586,0,4,0,4,38,1,Leave
33,157039,1,8,1,1,26,2,Leave
32,43090,3,2,0,3,45,9,Stay
48,134696,13,10,1,7,29,10,Stay
21,98354,4,10,1,7,44,3,Stay
53,78198,19,4,0,3,37,8,Stay
34,48015,17,6,0,3,13,5,Stay
40,112401,15,1,0,5,30,0,Stay
30,96509,9,9,1,1,44,0,Leave
56,127983,14,10,0,6,36,4,Stay
23,111755,4,9,1,3,12,6,Leave
25,45308,19,8,1,7,15,8,Stay
56,38271,15,6,0,5,6,2,Stay
27,157491,20,2,0,5,32,3,Stay
60,61859,15,10,0,4,13,2,Stay
41,158101,17,9,0,10,44,2,Stay
22,99830,15,3,1,2,14,7,Leave
49,59240,14,2,1,2,44,6,Leave
53,117311,3,3,1,1,8,9,Leave
52,65331,14,7,1,9,33,6,Leave
24,33937,18,9,1,5,22,7,Leave
32,145306,3,5,0,7,32,9,Stay
36,28006,5,10,1,8,37,4,Stay
51,59702,6,3,0,3,34,1,Leave
30,63072,14,5,0,10,13,4,Stay
31,98350,13,8,1,8,3,7,Stay
21,44347,12,8,0,2,7,2,Stay
37,44408,16,10,0,1,32,8,Leave
29,49612,0,5,1,1,15,2,Leave
27,40059,2,3,1,7,19,1,Stay
21,60317,9,8,1,9,12,8,Leave
30,43171,14,4,0,6,22,10,Stay
52,158334,5,5,0,9,33,9,Stay
43,85070,17,1,1,9,48,9,Leave
25,28064,10,2,0,2,47,9,Leave
32,42288,15,5,1,4,34,6,Stay
37,115912,10,3,1,3,34,2,Leave
41,159778,13,8,0,6,7,4,Stay
43,62665,6,3,0,7,27,10,Leave
49,155778,16,6,0,6,30,8,Stay
54,44274,19,4,0,4,15,10,Leave
47,85672,15,5,0,9,47,1,Stay
23,75048,12,1,1,6,1,10,Stay
34,32448,0,5,1,9,19,8,Leave
43,118078,18,2,1,9,32,1,Leave
39,92120,17,3,0,7,45,4,Stay
46,92318,0,8,1,6,35,3,Leave
40,86302,1,6,0,10,48,2,Stay
29,48466,20,4,1,4,45,3,Leave
31,28072,7,4,0,9,26,2,Stay
25,30436,14,5,1,4,20,8,Stay
34,86215,3,9,0,4,12,8,Stay
60,91495,14,10,0,4,6,2,Stay
44,122348,4,1,1,2,20,6,Leave
52,91908,6,9,0,10,42,10,Stay
42,87103,2,1,0,9,31,4,Stay
56,47864,14,8,1,1,45,0,Leave
30,85238,16,2,0,8,7,7,Stay
48,102662,2,8,1,3,17,8,Leave
25,150297,16,8,0,10,26,2,Stay
25,118600,1,9,0,8,39,0,Stay
55,148830,12,9,0,5,26,8,Stay
27,69912,6,9,0,3,26,5,Stay
53,98075,5,7,0,9,40,0,Stay
41,25484,17,8,0,1,19,8,Stay
29,41350,17,3,0,1,10,6,Stay
56,39628,12,4,0,2,8,3,Stay
25,76593,2,7,1,6,34,2,Stay
26,87296,15,8,1,4,13,2,Stay
52,120029,7,10,0,9,29,0,Stay
45,50835,1,2,0,3,17,6,Stay
22,113373,0,9,1,2,28,9,Leave
45,21280,16,9,0,3,41,8,Stay
52,117964,13,5,0,4,35,9,Leave
21,120722,10,5,0,8,12,2,Stay
25,85546,16,6,0,6,47,1,Leave
57,36725,13,2,1,9,30,2,Leave
40,124754,4,2,0,1,2,2,Leave
24,28233,8,3,0,10,41,10,Leave
58,29885,9,9,1,6,45,0,Leave
48,116311,7,5,1,2,15,0,Leave
44,31761,19,3,1,5,27,3,Leave
60,48761,20,1,1,5,16,9,Leave
27,135506,12,7,0,5,13,5,Stay
22,107438,2,2,1,4,12,4,Stay
52,39511,13,4,1,3,30,1,Leave
31,133327,14,5,0,4,38,6,Stay
38,29422,3,6,0,6,28,10,Stay
35,45178,20,8,0,4,25,4,Stay
44,120801,16,9,0,6,9,10,Stay
36,53305,1,9,1,7,14,10,Leave
48,39832,10,5,0,10,27,10,Stay
42,136483,8,3,0,1,32,5,Leave
23,126887,13,9,1,10,16,2,Stay
26,53043,20,1,1,2,38,2,Leave
36,39946,1,4,1,4,7,9,Leave
39,61892,5,5,0,6,32,0,Stay
58,46216,8,2,0,3,47,2,Leave
24,25762,8,7,1,1,3,1,Stay
54,143492,16,3,1,10,46,0,Leave
60,108587,20,8,0,1,24,4,Stay
26,70924,2,6,0,4,49,8,Leave
44,48538,20,9,1,8,14,5,Leave
35,55535,19,10,1,10,35,8,Leave
28,103416,20,8,0,10,20,9,Stay
26,147554,15,3,0,7,49,6,Leave
57,85063,18,8,1,6,13,6,Leave
59,132891,14,10,1,2,24,3,Stay
57,95432,19,6,0,3,12,3,Stay
50,111728,17,10,0,10,18,8,Leave
29,103680,14,10,0,2,25,0,Stay
50,25877,15,5,1,5,43,3,Leave
52,108085,12,5,1,5,33,5,Stay
39,58848,20,8,1,9,13,10,Stay
34,126389,7,9,0,1,4,3,Stay
36,136739,1,9,0,6,10,4,Stay
57,116547,20,7,0,3,24,4,Stay
30,94712,10,7,0,5,42,7,Stay
53,86280,6,9,0,8,13,2,Stay
22,112984,1,6,1,8,12,4,Stay
49,143599,18,2,0,8,47,10,Stay
45,99749,20,4,0,4,33,5,Leave
29,111407,13,8,0,6,25,9,Stay
25,113956,15,1,0,2,22,8,Stay
28,70367,18,7,1,3,31,5,Stay
54,115294,16,8,1,3,34,8,Leave
38,57104,8,8,0,3,48,7,Leave
49,47342,10,3,0,7,1,2,Stay
25,72135,6,8,0,9,29,9,Stay
39,150139,6,6,1,3,33,6,Leave
27,158190,2,9,0,2,29,10,Stay
43,98240,17,5,0,4,2,10,Stay
29,57714,15,8,0,5,38,3,Stay
38,83407,20,3,1,8,29,9,Leave
52,105226,2,7,1,1,13,1,Stay
27,41713,15,2,1,10,30,6,Leave
38,57289,15,4,0,2,34,4,Leave
48,27115,14,1,0,5,9,10,Leave
41,26288,10,1,0,3,27,7,Leave
57,124463,6,8,1,10,7,9,Stay
39,93146,16,10,1,3,11,2,Leave
56,111073,7,9,0,3,49,9,Stay
21,159574,17,8,0,9,34,0,Stay
58,70787,5,10,0,9,9,10,Stay
28,96369,10,7,0,3,34,0,Stay
54,43449,14,4,1,6,3,9,Leave
36,140262,18,2,0,2,8,8,Stay
39,122030,18,9,1,3,42,2,Leave
31,150921,20,2,0,3,12,1,Stay
32,76848,2,1,1,3,31,5,Leave
57,22611,9,7,1,6,29,8,Stay
57,146024,9,10,0,4,39,4,Stay
43,141095,19,10,0,10,3,6,Stay
34,129407,9,6,0,8,38,3,Stay
42,51472,12,8,1,5,31,5,Stay
23,50323,7,10,1,2,14,7,Stay
51,139167,13,9,1,8,22,0,Stay
30,136975,19,4,1,2,28,2,Leave
32,75882,0,1,1,7,34,1,Leave
54,112306,6,9,0,5,11,7,Stay
46,96615,20,5,1,10,19,1,Leave
36,33795,9,9,1,8,17,10,Leave
28,102410,19,9,0,5,20,5,Stay
50,63991,20,4,1,6,37,5,Leave
27,150704,19,10,0,8,44,7,Stay
41,102389,3,8,1,8,30,3,Leave
50,44468,14,8,1,2,36,4,Leave
30,104515,14,1,1,6,23,7,Stay
42,67199,15,5,0,8,28,7,Stay
58,84430,18,5,1,3,14,6,Leave
56,29125,0,9,1,4,37,0,Leave
33,146492,19,5,1,10,30,6,Leave
39,140196,10,4,0,9,35,10,Stay
32,25535,3,1,1,8,31,10,Leave
44,92164,12,3,1,9,2,7,Leave
57,26035,11,10,0,5,22,1,Stay
50,52863,0,3,1,8,22,10,Leave
50,38233,1,10,1,7,3,7,Leave
24,48415,16,10,1,4,43,8,Leave
35,150305,3,8,0,10,30,1,Stay
37,128840,0,10,1,10,48,2,Leave
53,122385,13,1,1,7,43,9,Leave
45,34698,7,5,1,1,3,10,Leave
22,51778,0,5,0,7,11,3,Stay
51,107743,12,4,1,10,39,8,Leave
32,62338,9,3,0,10,17,10,Leave
28,105288,3,9,1,1,49,4,Leave
48,140175,15,7,0,8,40,1,Stay
29,119216,2,1,1,5,22,3,Leave
58,105034,4,7,1,9,23,3,Leave
47,122434,2,4,0,7,22,6,Stay
52,135268,12,8,1,2,42,5,Stay
26,79412,12,7,1,8,43,9,Leave
58,158801,2,1,0,10,47,3,Leave
33,139832,8,10,0,8,44,2,Stay
21,57945,11,1,0,5,44,9,Leave
32,155430,0,3,0,6,43,9,Leave
29,49148,12,8,1,10,26,2,Leave
29,148451,3,8,1,5,5,7,Stay
53,136981,7,5,0,5,27,2,Stay
32,84996,20,1,0,3,12,6,Stay
43,21557,12,3,0,2,49,6,Leave
52,46784,9,6,1,2,48,5,Stay
52,22273,19,1,1,8,36,10,Leave
21,21227,4,6,0,7,22,8,Stay
21,126471,6,1,0,4,48,3,Leave
28,54039,18,1,0,4,31,0,Stay
36,40319,13,1,0,1,49,7,Stay
49,147259,16,7,0,4,5,7,Stay
50,157093,19,5,1,1,20,0,Stay
24,141601,8,7,1,9,49,3,Stay
27,81974,18,2,0,8,34,4,Stay
37,70880,18,8,0,8,14,2,Stay
41,102025,18,7,0,5,35,3,Stay
49,35707,20,7,1,5,1,7,Leave
47,102137,6,5,1,6,34,1,Stay
43,144205,16,10,1,6,49,2,Stay
30,25677,9,10,1,4,16,2,Stay
36,49850,10,1,0,10,44,2,Leave
26,125416,5,10,0,1,24,1,Stay
37,116525,14,2,0,1,35,9,Leave
25,147399,15,5,1,6,16,9,Leave
45,127715,9,1,0,4,8,5,Stay
22,79925,2,3,0,6,20,10,Leave
45,84464,13,8,1,5,18,0,Stay
39,63071,6,2,1,3,20,5,Leave
58,146930,12,1,1,10,37,9,Leave
29,65536,7,9,1,5,37,8,Leave
46,77865,8,9,1,7,19,5,Stay
47,35585,8,3,0,10,43,3,Stay
32,75164,19,7,1,5,41,4,Stay
32,112317,15,10,0,1,34,3,Leave
56,97594,19,10,0,7,15,6,Stay
57,144941,16,9,1,3,33,1,Leave
26,63800,17,2,0,1,4,4,Stay
32,148974,7,2,0,3,13,2,Stay
39,111796,15,4,0,6,30,1,Stay
34,106400,1,9,1,2,2,9,Leave
51,123063,6,10,1,1,5,1,Stay
32,67043,17,4,0,5,23,10,Stay
37,94729,0,5,1,4,47,7,Leave
43,106845,3,5,0,1,49,8,Stay
50,84695,9,10,0,4,28,0,Stay
50,129312,11,1,0,7,47,6,Leave
43,90888,16,7,0,8,7,6,Stay
47,119605,12,7,1,6,9,0,Stay
41,34197,4,9,0,7,16,1,Stay
34,66509,13,7,1,3,26,9,Leave
27,98175,8,8,0,9,14,9,Stay
58,100228,6,6,0,2,30,1,Stay
30,98280,9,2,0,3,49,8,Leave
58,77512,20,8,0,8,35,5,Stay
55,117379,16,5,1,3,8,6,Stay
24,78829,14,2,1,9,16,6,Leave
36,91997,9,6,1,4,44,7,Leave
44,60486,1,8,0,4,31,9,Stay
49,106336,10,10,0,6,29,8,Stay
29,81942,10,3,1,2,16,3,Leave
22,68437,15,6,0,1,28,0,Stay
50,145752,0,10,0,2,1,7,Stay
31,133475,10,2,1,9,37,5,Leave
41,28170,12,1,1,5,35,6,Leave
48,144418,5,3,1,5,31,0,Leave
52,71860,7,7,0,1,17,3,Stay
45,56692,13,10,1,3,23,9,Leave
43,130590,9,3,1,1,47,10,Leave
25,25372,6,8,0,2,40,2,Stay
47,101461,7,8,0,10,15,1,Stay
35,126884,9,6,1,3,6,3,Leave
33,67102,3,10,1,5,4,7,Stay
47,26748,16,3,0,8,37,10,Leave
43,98043,0,10,0,1,24,6,Stay
35,130104,20,5,1,1,33,4,Stay
33,84140,11,6,0,4,14,10,Stay
51,27599,13,10,0,1,30,3,Stay
32,96155,19,4,0,4,49,4,Stay
59,135921,7,8,0,5,45,0,Stay
51,77227,16,10,1,7,44,0,Stay
45,81614,6,1,1,3,20,5,Stay
35,141578,4,3,1,7,2,0,Stay
59,58071,14,3,1,8,30,6,Stay
47,80523,10,3,1,3,12,10,Stay
22,151597,14,10,1,9,23,9,Leave
55,75051,1,10,0,8,36,5,Stay
53,79649,18,7,0,2,28,0,Stay
24,140843,7,8,1,9,46,3,Stay
26,48899,16,8,0,1,34,7,Stay
37,100839,13,10,1,1,40,8,Leave
27,119643,10,3,0,9,11,9,Stay
52,60943,11,9,1,3,39,9,Leave
41,83985,9,9,1,8,44,7,Leave
42,157008,5,4,1,3,37,1,Leave
22,92441,3,8,1,8,40,6,Leave
54,150992,0,1,0,8,3,0,Stay
58,94931,1,9,0,8,26,9,Stay
53,137250,13,5,0,6,45,4,Stay
60,156148,3,2,0,10,20,4,Stay
24,104839,4,9,0,2,44,4,Stay
40,87194,20,8,0,3,4,10,Stay
24,93757,14,3,0,6,3,10,Leave
26,122434,8,8,1,7,10,1,Leave
51,112631,15,8,0,9,37,4,Stay
43,45909,12,3,1,8,17,4,Leave
57,32211,2,10,1,1,42,9,Leave
50,34626,20,8,0,4,7,3,Stay
35,122512,4,5,1,6,43,6,Stay
39,80861,5,6,1,8,32,7,Leave
36,81156,9,5,1,10,2,1,Stay
29,20010,14,10,1,5,38,3,Leave
50,53710,16,9,0,7,21,5,Stay
30,69331,6,1,0,6,20,9,Leave
59,132347,0,7,1,6,18,2,Leave
34,81387,7,3,0,2,37,9,Leave
56,33970,1,10,0,7,31,5,Stay
29,47028,12,9,1,6,11,7,Leave
34,39641,3,2,0,10,1,2,Stay
55,150219,6,1,0,3,46,9,Leave
37,118462,18,6,0,5,21,4,Stay
36,26526,10,5,0,7,48,7,Leave
36,152253,12,2,0,10,19,0,Leave
42,90666,15,10,1,8,41,1,Leave
27,89775,5,7,1,8,17,1,Stay
53,110344,15,5,1,5,39,5,Leave
30,87946,3,3,0,10,17,5,Leave
23,115060,0,10,1,1,2,4,Stay
54,81360,11,10,1,6,42,8,Stay
57,144553,20,8,0,10,20,0,Stay
35,72905,8,2,0,9,23,4,Stay
45,149327,16,1,1,1,37,4,Leave
33,135237,5,10,0,1,25,5,Stay
40,60639,9,10,1,10,35,7,Stay
38,112802,11,1,1,1,40,1,Leave
33,51131,13,3,0,9,20,8,Leave
55,46612,19,2,1,3,1,2,Leave
47,137679,20,9,0,9,47,9,Stay
28,154568,5,5,1,5,20,9,Leave
27,63437,9,3,1,5,38,7,Leave
31,114649,20,9,0,6,8,10,Leave
47,153880,18,1,0,9,36,1,Stay
36,152375,17,8,1,2,1,7,Stay
56,129932,3,9,0,6,9,1,Stay
54,84305,5,2,1,2,34,4,Leave
38,58508,16,4,0,4,42,4,Leave
21,140973,18,6,1,5,23,5,Leave
42,25912,8,4,1,3,11,3,Leave
49,99866,3,8,0,3,49,6,Leave
38,35154,4,6,0,3,38,1,Stay
56,38526,4,9,1,6,49,3,Leave
54,153503,7,3,0,2,11,0,Leave
33,115703,4,8,0,3,21,9,Stay
55,141519,8,3,1,1,49,9,Leave
46,154340,16,2,0,9,7,6,Stay
47,22013,20,3,1,5,44,2,Leave
47,158364,14,1,1,2,45,5,Leave
30,22370,0,2,1,1,28,0,Leave
38,55001,20,10,0,3,47,10,Stay
21,122433,0,9,1,9,9,9,Leave
24,69926,12,10,0,9,47,4,Stay
29,71808,20,1,0,10,50,3,Leave
38,130708,20,7,1,8,34,1,Leave
23,144709,14,1,0,10,44,1,Stay
35,140768,17,4,0,3,17,1,Stay
38,67358,7,1,0,5,46,1,Leave
59,148364,10,6,0,1,26,7,Stay
23,109709,17,3,0,7,39,5,Leave
40,34902,6,8,1,2,10,5,Stay
53,153961,17,1,1,4,22,8,Leave
32,103749,19,8,1,9,18,2,Leave
24,118321,0,5,0,2,27,1,Stay
50,120118,13,7,0,9,24,4,Stay
40,112112,8,2,0,1,18,8,Stay
47,81864,16,10,0,10,9,5,Stay
38,121893,12,6,1,3,46,0,Leave
33,61622,16,1,1,1,43,9,Leave
50,148555,11,5,1,2,38,10,Stay
30,40737,14,7,0,9,43,2,Stay
52,65988,6,6,0,8,3,2,Stay
27,40775,17,8,0,7,6,3,Stay
49,104975,3,10,1,2,18,0,Stay
48,87583,12,4,1,5,49,6,Leave
28,21549,15,10,0,3,35,2,Stay
57,158206,19,8,1,9,6,1,Stay
45,128542,2,3,0,1,10,0,Stay
27,71943,8,4,0,7,27,10,Stay
26,93348,15,7,1,3,27,9,Stay
44,116849,14,4,1,3,27,7,Leave
56,67598,19,7,1,9,16,4,Leave
38,73122,16,7,0,1,31,7,Leave
31,103154,18,9,0,9,37,9,Leave
41,147517,7,7,0,6,34,5,Stay
31,116861,8,6,1,7,43,6,Stay
51,129926,9,2,1,8,15,3,Leave
56,146089,4,5,0,7,32,10,Leave
46,85727,15,2,0,2,9,9,Stay
34,78028,6,2,0,7,23,1,Leave
52,125642,6,9,1,10,31,6,Leave
45,39909,11,5,0,1,14,5,Stay
49,108402,15,10,0,7,22,2,Stay
58,88030,8,3,1,8,46,4,Leave
32,98469,13,6,1,6,13,3,Leave
36,146733,2,3,1,5,29,10,Leave
57,49250,3,7,0,7,27,1,Stay
21,88193,15,6,1,1,8,0,Stay
39,86018,11,4,0,2,24,6,Leave
28,156329,8,6,0,4,29,10,Stay
35,25902,13,6,1,4,11,2,Leave
32,155433,0,2,1,9,1,1,Leave
34,140736,0,4,1,9,19,3,Leave
52,101449,5,9,0,9,45,10,Stay
45,67764,17,8,1,8,13,7,Stay
57,70696,1,10,1,3,44,9,Leave
54,143730,0,5,1,6,41,1,Leave
38,110315,14,4,1,9,15,6,Leave
42,85710,8,8,0,5,10,5,Stay
29,90624,11,3,0,8,20,10,Stay
41,128806,19,3,0,3,50,9,Leave
24,43313,16,9,1,2,37,3,Leave
23,75204,2,7,1,8,38,6,Leave
23,130256,7,2,1,3,10,9,Leave
36,60611,6,5,1,5,15,0,Stay
24,81787,14,10,0,4,14,8,Stay
23,126733,9,10,1,2,48,8,Stay
35,40149,17,5,1,1,10,8,Leave
33,56031,0,2,1,10,30,6,Leave
36,78383,6,2,0,9,35,1,Leave
37,47684,7,2,0,7,30,5,Stay
54,45053,8,9,0,9,21,10,Stay
24,131126,9,5,0,1,30,4,Stay
55,63391,5,3,0,9,26,10,Leave
39,98706,16,8,0,9,39,8,Stay
35,79375,16,1,0,2,46,0,Leave
57,25381,18,4,1,10,43,5,Leave
42,77362,8,4,0,5,45,4,Leave
49,132317,9,2,0,8,24,2,Stay
32,156462,19,9,0,5,49,6,Stay
47,157584,4,1,1,7,42,10,Leave
30,119514,15,7,1,9,23,10,Leave
45,137283,14,7,1,9,15,1,Stay
54,121909,16,6,1,10,37,8,Leave
53,68026,14,9,1,6,40,4,Leave
52,26839,18,4,1,3,35,8,Leave
25,31154,20,9,1,8,30,2,Stay
60,138664,19,8,0,4,13,7,Stay
54,69212,20,10,0,7,15,9,Stay
24,81501,18,2,0,4,22,7,Leave
43,93152,14,9,0,10,14,0,Stay
55,106422,1,2,0,9,4,3,Leave
46,95519,5,7,0,8,22,3,Stay
35,130018,10,4,1,5,46,8,Leave
24,32016,18,1,1,6,25,2,Leave
46,126369,10,9,1,2,24,7,Stay
52,27213,7,4,0,4,42,6,Leave
34,126314,13,1,0,1,42,8,Leave
55,138370,3,4,1,1,12,3,Leave
53,23902,1,10,1,6,28,6,Leave
21,97022,11,3,0,10,8,1,Leave
57,141297,5,5,0,5,16,8,Stay
24,131387,9,8,0,3,49,0,Stay
56,53775,7,1,1,10,47,0,Leave
41,61214,8,10,0,6,3,4,Stay
56,143655,12,6,0,4,32,4,Stay
55,52071,3,6,0,8,39,1,Stay
34,30179,12,7,0,4,9,1,Stay
21,109204,15,6,0,4,35,4,Stay
51,27197,0,2,1,6,19,6,Leave
48,149823,14,10,0,10,9,4,Stay
41,64670,18,4,0,9,40,4,Stay
27,79009,9,8,1,6,22,1,Leave
21,104321,1,10,0,9,25,5,Stay
47,24272,3,1,1,6,46,4,Leave
33,72382,20,6,0,8,14,10,Stay
58,84679,1,2,1,9,4,5,Leave
37,46520,12,7,0,1,34,4,Stay
38,108635,17,8,0,1,34,10,Leave
60,99586,17,1,1,3,2,7,Leave
60,56688,2,2,0,10,21,9,Leave
51,64769,4,8,1,9,14,0,Stay
23,56721,6,3,1,2,43,8,Leave
31,91105,2,5,1,4,10,10,Stay
44,46369,7,4,1,7,43,4,Leave
24,39171,5,3,1,4,26,0,Leave
47,113970,5,10,0,7,19,9,Stay
33,48874,1,3,1,6,21,7,Leave
32,108628,7,5,1,1,44,9,Stay
23,111866,12,3,1,9,22,5,Leave
55,118514,9,9,0,1,3,3,Stay
24,98424,20,3,0,3,14,1,Stay
60,71459,4,3,1,2,30,7,Stay
39,142982,5,9,0,2,29,5,Stay
43,125756,2,10,0,9,46,9,Stay
24,101431,9,3,1,2,44,4,Leave
31,66998,7,1,1,4,21,9,Leave
42,76628,15,5,0,2,10,5,Stay
21,69854,0,5,0,8,13,2,Stay
52,21973,19,6,1,5,46,2,Leave
25,58985,15,10,0,2,1,2,Stay
53,157437,16,4,0,3,10,1,Stay
46,104449,17,4,0,7,5,2,Stay
48,45467,1,6,1,9,1,4,Stay
44,106142,11,2,0,9,3,6,Leave
21,107185,12,1,1,2,15,4,Leave
49,136980,15,4,1,4,22,4,Leave
21,109781,0,2,0,1,37,0,Leave
48,138556,5,5,0,9,30,10,Stay
24,124430,10,7,0,2,17,1,Stay
58,103130,3,7,1,5,32,6,Leave
28,149099,16,8,1,9,23,7,Leave
35,95911,2,4,0,5,17,3,Stay
36,145819,20,5,1,1,25,1,Leave
37,26031,17,9,0,10,35,5,Stay
49,40602,7,8,1,8,12,5,Stay
52,27531,17,5,1,9,1,9,Stay
56,136982,14,7,0,3,21,0,Stay
39,133028,11,10,0,4,36,4,Stay
43,94802,7,2,0,1,41,10,Leave
43,150422,3,10,1,3,35,5,Leave
31,140089,8,10,0,6,23,3,Stay
36,143870,7,5,0,2,37,3,Stay
26,92656,3,1,0,8,18,2,Stay
28,95476,18,4,1,1,23,4,Stay
29,28860,13,9,1,5,48,8,Stay
55,21520,2,9,0,6,24,1,Stay
59,112408,2,7,1,7,37,8,Leave
45,69439,14,6,1,4,13,3,Stay
21,116541,19,3,0,10,33,4,Stay
42,77291,1,2,0,3,22,10,Leave
28,100617,14,8,1,7,34,0,Leave
43,92796,11,8,1,8,34,7,Leave
30,65972,4,5,0,3,40,4,Stay
52,29729,13,3,1,2,25,0,Leave
34,65250,19,6,1,9,35,6,Leave
60,119387,3,3,0,3,36,6,Leave
47,136391,14,4,0,9,12,8,Leave
30,74458,15,1,1,4,30,9,Leave
29,117387,17,7,0,3,42,3,Stay
32,114300,19,1,1,2,5,4,Leave
41,76960,7,10,1,9,13,0,Stay
27,157914,17,10,0,7,20,1,Stay
48,90579,7,7,0,8,3,6,Stay
45,137220,19,1,0,6,45,8,Leave
40,29718,4,1,1,4,41,10,Leave
28,108040,9,1,0,2,26,5,Stay
25,88253,20,4,1,6,48,10,Leave
36,39651,19,2,0,3,4,1,Leave
23,97361,20,6,1,8,33,8,Leave
28,95486,13,7,0,3,49,7,Leave
46,67229,0,4,0,10,38,9,Leave
42,125444,16,3,1,5,47,2,Leave
21,46492,6,8,1,8,22,9,Leave
59,118767,4,4,1,3,27,1,Leave
49,75340,11,6,0,1,22,4,Stay
52,149005,4,10,0,3,24,7,Stay
36,109720,12,8,0,5,17,9,Stay
32,80351,3,3,1,2,28,3,Leave
25,128542,14,6,0,6,32,5,Stay
37,122260,3,5,1,8,23,6,Stay
37,144002,2,8,1,8,31,7,Stay
22,136966,8,1,1,6,43,3,Leave
26,144201,2,8,1,2,32,7,Leave
22,86814,18,1,1,4,41,2,Leave
41,76052,20,8,1,1,18,5,Stay
40,79101,15,7,1,1,24,4,Leave
25,139981,6,9,0,6,9,4,Stay
59,39744,2,1,0,6,50,7,Leave
31,83921,3,3,1,1,19,3,Leave
52,56271,7,8,0,3,43,2,Stay
25,128450,12,1,0,9,18,2,Stay
33,98765,12,4,1,2,32,1,Leave
36,113206,8,5,1,9,30,9,Stay
46,141531,6,6,0,1,21,2,Stay
54,20269,11,2,0,2,24,10,Stay
57,159530,3,10,1,8,12,0,Stay
59,24983,1,2,0,1,6,10,Leave
47,104287,12,1,1,7,24,2,Leave
35,42932,6,9,1,6,39,3,Stay
39,120565,18,4,0,9,35,7,Leave
25,113747,13,1,0,8,39,10,Leave
45,74431,17,2,1,2,47,0,Leave
51,58552,7,5,0,5,42,10,Stay
48,150588,4,2,0,7,11,8,Leave
59,135536,13,7,1,9,17,1,Stay
51,100575,0,5,0,3,6,9,Stay
59,119894,1,1,0,9,39,5,Leave
45,121642,8,10,0,8,11,3,Stay
50,88995,17,4,1,8,34,4,Leave
27,40975,16,6,1,2,42,1,Leave
42,129201,14,6,1,5,6,0,Stay
59,66832,0,10,0,2,25,4,Stay
55,125604,6,5,0,10,33,10,Stay
55,115446,1,8,1,3,31,3,Leave
23,94349,10,3,1,2,42,9,Leave
24,157554,20,8,0,3,45,5,Leave
34,117654,10,8,0,2,17,0,Stay
28,135986,10,4,0,1,40,6,Leave
26,53270,19,8,1,9,30,10,Stay
60,100911,18,1,0,8,17,9,Stay
41,130545,10,3,1,1,41,1,Leave
31,128768,8,1,0,1,16,0,Stay
37,41687,2,10,1,6,32,4,Stay
45,53439,14,3,0,5,29,2,Stay
30,102041,13,6,0,3,23,7,Stay
38,96670,17,9,1,9,44,7,Leave
37,50570,15,6,0,9,24,3,Stay
32,109368,2,4,1,1,33,10,Leave
40,61883,17,8,1,5,13,5,Stay
60,66373,19,7,0,5,33,0,Stay
24,53007,4,4,1,8,20,9,Leave
35,134849,4,1,0,1,48,9,Stay
24,86675,17,1,0,1,40,10,Leave
60,45041,4,1,0,8,36,0,Stay
57,100551,9,7,0,9,3,1,Stay
35,100788,4,10,0,5,25,10,Stay
28,98361,18,1,1,7,47,2,Leave
55,73066,13,5,0,6,7,7,Stay
40,131697,11,9,1,7,21,10,Stay
54,94182,12,8,0,10,7,10,Stay
51,54737,19,7,0,8,28,8,Stay
52,39896,19,2,0,3,4,7,Stay
52,135187,13,2,0,8,44,10,Leave
49,48121,13,7,1,4,15,1,Leave
27,156268,20,3,0,9,47,4,Leave
46,100265,13,3,0,5,49,6,Leave
40,55289,20,8,0,6,14,5,Stay
22,52964,12,4,0,3,39,9,Leave
41,91221,6,1,0,7,20,3,Stay
33,119358,13,5,0,7,24,1,Stay
28,82980,18,2,0,1,1,6,Stay
57,134068,0,8,0,3,18,6,Stay
24,69014,19,9,0,7,47,1,Leave
21,23239,20,4,1,7,5,10,Leave
44,28948,1,7,0,1,47,2,Stay
32,126758,15,7,0,6,24,6,Stay
31,138391,17,1,1,7,48,6,Leave
53,44914,9,4,1,2,36,0,Leave
47,116088,4,8,0,3,26,9,Stay
27,128929,13,4,1,4,1,7,Stay
44,43186,15,5,0,2,18,1,Stay
50,142073,3,4,1,8,29,4,Leave
40,104056,12,10,1,3,39,8,Leave
30,140660,13,3,1,5,49,0,Stay
28,82154,3,7,0,2,15,7,Stay
50,64856,10,1,1,5,30,6,Leave
60,74971,9,3,1,10,27,3,Leave
41,67940,3,4,0,1,34,0,Leave
27,80077,13,6,1,2,7,8,Leave
32,88928,19,9,0,9,8,8,Stay
32,27562,1,1,0,10,37,0,Leave
43,71319,19,3,0,7,30,7,Leave
41,80227,17,2,1,1,42,7,Leave
24,134003,17,8,0,1,32,6,Stay
47,55502,19,10,1,3,37,8,Leave
52,45230,4,2,1,8,16,6,Leave
45,95992,5,10,1,7,15,4,Stay
54,119030,17,2,1,1,5,10,Leave
28,130555,17,1,1,1,11,1,Leave
36,155035,7,2,0,5,30,0,Stay
50,30216,14,6,1,2,17,3,Stay
30,72499,7,8,1,6,2,1,Leave
47,123974,16,1,1,3,27,3,Leave
25,55731,2,9,1,6,37,3,Stay
21,53567,18,10,1,7,19,1,Stay
28,116622,16,3,1,6,50,3,Leave
41,157809,0,9,0,4,37,6,Leave
38,75758,1,8,1,3,21,4,Stay
46,147295,9,8,0,9,16,8,Stay
28,40351,1,5,1,3,14,10,Stay
56,123248,4,9,0,6,43,2,Stay
25,49986,10,4,1,5,42,1,Leave
54,64413,6,6,0,5,20,9,Stay
32,104565,16,8,0,4,43,8,Stay
36,154300,18,7,0,6,49,6,Stay
31,117242,17,6,1,4,2,1,Leave
32,46523,3,7,1,6,37,7,Leave
52,78253,10,3,0,10,14,5,Stay
39,35463,15,8,0,8,37,7,Leave
36,55600,3,6,1,2,16,3,Stay
34,83849,0,7,1,9,50,4,Leave
54,71716,4,1,1,1,24,7,Leave
44,37761,14,6,1,4,13,0,Stay
46,150921,15,7,1,6,41,6,Leave
27,135610,18,5,1,1,3,10,Stay
21,50003,17,7,1,7,33,9,Stay
26,93082,12,3,0,6,1,5,Stay
57,150467,12,2,0,3,46,9,Leave
29,110732,7,6,1,6,7,3,Stay
48,108611,10,7,0,2,19,1,Stay
51,135172,18,1,0,5,31,6,Leave
38,117741,12,9,0,5,48,9,Leave
36,153931,5,2,0,1,5,10,Leave
55,150011,19,2,0,1,37,5,Leave
46,48129,15,7,1,8,23,7,Stay
36,150807,2,9,1,3,18,9,Stay
39,114617,16,4,0,3,30,0,Stay
59,141224,4,3,0,5,17,3,Stay
55,32241,9,8,1,3,8,3,Stay
60,50134,17,10,0,8,35,2,Stay
50,156336,7,3,1,7,49,8,Leave
45,53239,17,2,1,5,8,4,Leave
38,132040,11,7,0,6,30,5,Stay
52,124259,4,7,0,2,30,10,Stay
41,151026,8,10,1,7,27,1,Stay
36,157792,14,5,1,3,36,5,Leave
23,111471,9,6,1,10,48,5,Stay
25,69134,16,9,0,6,24,5,Stay
23,36865,3,4,0,4,2,9,Leave
47,29547,12,8,1,9,38,7,Leave
51,148446,19,5,1,5,15,9,Leave
42,72113,1,6,1,6,31,3,Leave
45,24165,12,6,0,8,28,2,Stay
25,45189,9,9,0,6,46,7,Stay
56,91479,19,9,0,2,49,10,Stay
45,105917,0,4,1,1,22,6,Leave
50,119754,14,2,0,7,20,10,Stay
45,136276,11,3,1,6,4,4,Leave
35,137780,20,4,1,2,10,9,Leave
21,74989,3,7,0,9,48,4,Stay
28,34196,7,8,0,5,7,8,Stay
51,39248,19,6,1,9,41,2,Stay
46,44489,14,3,1,3,8,3,Leave
54,66992,6,5,1,4,44,10,Stay
44,65277,11,9,1,3,39,2,Leave
29,50999,15,5,1,1,7,2,Stay
60,48424,0,7,0,2,24,1,Stay
43,32752,11,2,1,8,44,1,Leave
36,22225,4,7,0,5,23,9,Stay
44,31953,8,4,1,8,44,5,Leave
41,61618,8,10,1,2,39,5,Leave
28,138762,6,2,1,6,21,6,Leave
55,142935,18,8,1,6,50,5,Stay
46,86402,6,7,0,8,38,3,Stay
49,125979,1,3,0,7,49,5,Leave
26,117143,18,7,0,6,5,7,Stay
37,116277,16,10,0,1,39,6,Stay
25,45860,6,5,1,9,38,10,Leave
40,40122,19,10,1,6,38,5,Leave
45,103798,11,3,1,8,25,4,Leave
46,59765,18,6,0,1,41,3,Stay
59,108849,6,6,0,4,30,7,Stay
39,23995,18,2,1,3,23,0,Leave
44,41015,9,3,0,1,11,7,Leave
57,130409,16,1,1,10,8,10,Leave
37,103765,18,3,0,9,25,4,Stay
57,22007,6,8,0,8,20,3,Stay
45,24374,11,9,0,9,3,8,Stay
40,31350,8,1,0,6,3,2,Stay
41,78950,18,6,0,6,5,3,Stay
28,61487,2,4,0,9,7,8,Stay
42,22203,9,7,1,9,19,9,Leave
32,99563,6,8,0,9,21,3,Stay
35,141014,18,2,1,7,12,8,Stay
32,80610,3,6,1,6,5,2,Stay
23,106461,5,9,1,6,37,9,Leave
39,50208,7,8,1,4,15,1,Stay
34,157408,17,10,0,3,41,9,Stay
25,111301,5,9,1,10,30,6,Stay
52,141533,8,2,0,1,28,2,Stay
41,93063,0,2,1,7,1,1,Leave
35,123338,14,10,0,1,30,10,Stay
45,53068,6,8,1,6,25,10,Leave
57,54385,15,9,0,9,5,1,Stay
28,30537,14,8,0,5,3,0,Stay
51,152739,20,10,1,7,22,2,Stay
49,23434,2,6,1,9,3,0,Stay
23,122515,11,10,1,2,12,8,Leave
39,26532,14,9,1,5,4,9,Leave
21,40761,19,3,0,1,42,9,Leave
47,31621,0,4,0,5,29,0,Stay
35,137014,15,8,0,2,25,10,Stay
43,146446,16,6,1,7,35,6,Leave
56,55019,2,7,1,3,5,7,Stay
42,37396,0,7,1,6,41,8,Leave
57,66334,5,6,0,1,18,0,Stay
27,80113,18,9,1,8,44,4,Leave
44,154657,8,3,0,8,7,0,Leave
22,48979,11,9,0,2,44,5,Stay
49,153211,5,1,1,7,17,9,Leave
47,146571,13,3,1,3,30,2,Leave
42,77438,16,8,0,2,36,9,Stay
56,65363,18,7,0,3,29,0,Stay
58,110209,10,3,1,10,33,8,Leave
48,24749,1,5,1,9,40,7,Leave
51,40313,13,8,0,9,40,1,Stay
28,54009,12,5,1,5,1,1,Stay
39,136491,16,7,0,9,20,6,Stay
30,131974,11,9,0,9,42,6,Stay
26,96496,3,3,1,5,30,2,Leave
42,99337,9,4,1,2,1,9,Leave
28,52395,9,5,1,8,2,8,Leave
44,111406,15,8,1,3,32,1,Stay
53,104353,9,8,1,4,26,3,Stay
35,114361,15,5,0,2,25,5,Stay
51,88642,19,5,1,5,48,3,Stay
33,143331,19,9,1,8,4,3,Stay
48,90706,19,3,1,5,28,0,Leave
52,74261,4,6,1,2,49,4,Leave
37,104298,0,1,1,9,37,4,Leave
33,45189,10,10,0,4,45,5,Stay
36,24093,6,10,0,10,12,4,Stay
45,96300,19,3,1,1,38,1,Leave
32,121545,0,1,0,6,34,0,Stay
43,149513,20,1,1,3,20,1,Leave
22,135645,20,4,1,4,29,4,Leave
33,69577,7,4,0,1,11,9,Stay
28,139696,6,7,0,6,29,5,Stay
25,40950,1,8,0,9,10,7,Stay
47,47675,14,3,0,5,31,8,Stay
45,26960,18,5,1,9,1,9,Stay
21,52931,0,9,0,4,20,5,Stay
27,99623,13,1,0,8,48,7,Leave
36,144642,2,9,0,6,42,4,Stay
50,81591,15,7,1,5,15,9,Leave
40,27620,14,5,0,8,8,5,Stay
41,32087,13,8,1,3,36,3,Leave
47,41254,0,6,1,6,36,2,Leave
22,21039,16,8,0,7,9,5,Stay
60,71908,9,6,0,5,42,7,Stay
28,157405,15,1,1,3,48,10,Leave
39,64278,3,10,0,10,35,1,Stay
48,82163,6,3,0,10,23,1,Stay
50,125188,8,8,1,3,18,10,Stay
57,90001,11,3,0,2,47,6,Leave
33,53296,14,5,1,4,1,8,Stay
34,46037,12,8,1,1,13,5,Stay
26,88856,0,7,0,2,25,2,Stay
45,29294,12,5,0,3,5,7,Stay
38,99460,4,2,1,9,18,4,Leave
23,48301,19,9,0,8,10,1,Stay
29,48010,16,3,1,5,7,10,Leave
26,54033,0,9,0,1,29,4,Stay
32,67533,6,9,1,2,11,9,Stay
43,124547,17,2,0,5,28,3,Stay
47,95148,15,2,1,9,38,8,Leave
24,138068,8,6,0,6,11,6,Stay
34,28040,12,9,1,3,33,1,Leave
41,65124,12,8,0,4,17,8,Stay
46,55533,19,7,1,4,37,4,Stay
25,112804,15,5,0,9,15,1,Stay
42,153398,15,5,1,6,48,9,Stay
46,73885,17,8,0,3,40,10,Stay
39,32407,19,1,0,9,7,6,Leave
43,42761,7,4,1,1,34,5,Leave
37,84616,14,1,0,5,14,8,Stay
27,146014,15,5,1,8,28,3,Leave
41,143987,7,5,1,2,24,3,Stay
53,122681,7,3,0,7,25,0,Stay
26,33725,13,4,1,10,26,5,Leave
31,112664,4,1,0,1,16,5,Stay
55,125809,18,2,0,4,11,6,Leave
40,32885,1,7,0,9,24,0,Stay
55,122943,7,7,1,1,39,3,Leave
27,40084,2,8,0,2,23,0,Stay
46,97071,12,8,1,7,46,8,Leave
50,119278,0,10,1,10,5,6,Leave
43,24030,9,7,1,8,43,5,Leave
25,55258,10,1,0,9,24,1,Stay
37,103629,13,1,1,7,48,10,Leave
35,102284,20,4,0,4,38,1,Leave
54,42340,18,10,1,3,15,0,Stay
59,158744,19,9,0,1,41,7,Leave
51,132768,5,1,0,10,33,2,Leave
23,82948,9,1,0,6,44,5,Stay
39,130978,12,1,0,1,35,1,Stay
50,49054,7,4,0,2,6,5,Stay
21,144507,17,7,0,2,3,1,Stay
42,141644,8,6,1,6,33,10,Stay
25,126783,6,8,1,9,24,9,Stay
50,22178,3,4,0,9,15,5,Stay
31,150246,19,5,0,6,19,2,Stay
22,23206,17,9,0,4,32,3,Stay
57,22376,3,8,0,4,13,1,Stay
49,50067,3,8,1,10,1,4,Stay
35,29421,5,10,0,8,48,8,Leave
30,68499,2,7,0,8,35,10,Stay
40,69673,7,6,1,10,42,6,Leave
50,109769,4,2,1,7,50,2,Leave
57,42112,14,1,1,2,45,7,Leave
53,115910,5,3,1,6,11,1,Stay
44,157826,0,2,1,5,25,9,Leave
24,34410,17,2,1,1,31,7,Leave
27,28510,5,1,1,1,34,5,Leave
46,86612,10,4,1,1,47,1,Leave
52,62406,15,4,1,1,44,1,Leave
49,87150,17,2,1,5,6,7,Leave
60,35135,20,5,0,10,21,3,Stay
58,80699,13,2,0,3,40,5,Stay
51,81729,7,5,0,2,38,1,Stay
44,148716,15,10,0,7,35,2,Stay
55,46096,17,8,0,8,1,10,Leave
55,55562,3,9,0,10,49,5,Stay
24,148931,10,10,1,9,8,9,Stay
32,155104,19,3,0,8,36,4,Stay
28,39175,11,3,1,8,10,1,Leave
41,35618,14,5,1,1,18,7,Stay
33,120100,14,6,0,6,46,9,Stay
25,100979,5,3,1,6,41,5,Leave
32,43954,0,4,0,2,31,0,Leave
31,123633,3,8,1,8,48,2,Leave
58,77818,2,4,1,8,38,8,Leave
38,59761,7,4,0,7,21,0,Stay
44,100795,7,7,1,9,13,6,Leave
45,41532,18,7,0,8,21,8,Stay
39,58242,10,2,1,1,28,7,Leave
23,85551,8,2,0,8,30,5,Stay
39,24351,18,1,1,2,17,10,Leave
58,57961,2,4,0,7,18,8,Stay
40,41222,4,1,0,10,22,9,Stay
21,72847,17,7,0,10,19,4,Stay
45,123905,14,6,1,5,10,5,Leave
47,99918,14,4,1,9,35,6,Leave
21,84012,1,2,0,1,18,0,Stay
52,130333,7,3,0,1,26,9,Leave
59,123026,2,1,1,8,2,10,Stay
36,70016,0,6,0,4,17,3,Stay
37,61964,1,3,0,3,37,4,Leave
39,72241,18,5,1,9,30,9,Stay
51,91648,16,10,0,7,13,10,Stay
53,73317,3,8,0,2,50,10,Stay
40,105373,13,6,1,5,38,1,Leave
53,90190,4,2,0,1,27,6,Stay
47,45792,4,7,0,5,10,8,Stay
22,120826,19,5,0,7,24,6,Stay
36,33173,10,5,0,10,32,6,Leave
23,40597,7,4,0,9,39,0,Leave
27,29395,9,9,1,9,1,6,Leave
34,110245,6,1,1,1,4,4,Leave
46,72063,14,5,1,8,35,4,Leave
26,158818,20,5,0,5,7,10,Stay
22,32700,16,4,0,5,19,5,Leave
57,82574,13,6,1,5,24,7,Stay
55,129077,2,9,1,7,18,9,Leave
38,35656,20,1,1,4,2,5,Leave
48,90548,2,5,0,7,25,4,Stay
37,83942,14,10,0,8,38,0,Stay
38,78255,8,9,1,1,48,6,Leave
52,135802,1,6,0,2,19,6,Stay
41,31716,9,2,0,9,49,7,Leave
26,129101,2,4,0,6,14,5,Leave
38,34372,14,5,0,10,9,4,Stay
45,133662,7,1,0,7,47,8,Leave
29,69542,20,2,1,5,26,6,Leave
41,154499,0,4,0,3,32,5,Leave
42,58364,12,10,1,5,22,5,Stay
42,43971,8,9,1,8,4,2,Stay
40,158751,10,8,0,9,3,9,Stay
24,75272,9,1,1,4,27,10,Leave
57,94279,18,5,1,8,39,9,Stay
46,138647,1,6,1,10,48,6,Leave
42,75386,20,6,0,9,40,5,Stay
44,44429,6,1,1,8,23,0,Stay
49,62403,14,3,0,7,2,0,Stay
33,145809,9,1,1,10,47,9,Leave
54,32252,11,3,1,6,14,6,Leave
41,106179,2,4,0,5,6,0,Stay
43,126833,12,8,1,8,24,1,Leave
32,47567,5,10,1,3,43,4,Stay
43,32967,0,6,1,1,28,5,Stay
36,140547,20,9,1,9,7,0,Stay
54,71680,9,5,1,9,31,4,Leave
51,153908,17,7,0,1,20,8,Stay
59,83207,20,6,1,5,41,9,Leave
35,42401,11,1,0,6,1,7,Stay
50,156209,4,1,1,3,32,10,Leave
51,24377,4,10,0,8,21,7,Stay
59,156800,7,2,0,3,40,6,Leave
25,143730,20,1,0,4,31,6,Stay
22,66616,15,10,1,2,20,3,Stay
50,51945,7,4,1,4,44,2,Leave
22,134574,1,9,1,4,34,7,Leave
39,57734,20,1,1,2,32,5,Leave
55,119025,6,9,1,1,42,1,Leave
43,38855,11,4,0,9,20,10,Stay
31,38432,0,7,0,2,43,8,Leave
21,45252,16,1,0,9,15,6,Leave
38,159172,16,5,1,5,28,5,Stay
44,42984,5,3,1,10,43,0,Leave
35,116499,5,4,0,10,28,8,Leave
47,98935,2,1,0,7,44,10,Leave
27,61689,11,8,0,9,36,5,Stay
21,129453,15,5,0,5,1,2,Stay
39,45160,11,6,1,5,20,2,Leave
39,122627,8,3,0,5,5,7,Leave
52,125020,13,7,0,8,8,2,Stay
30,79842,10,10,0,5,29,1,Stay
24,123437,1,2,1,5,49,5,Leave
41,136938,16,8,1,7,19,4,Stay
56,135817,5,2,1,5,19,9,Leave
23,89649,9,3,0,3,38,2,Stay
47,155192,17,10,1,9,28,2,Leave
29,43372,2,5,0,3,12,5,Stay
48,118375,10,4,0,9,31,4,Stay
52,132843,18,5,0,4,5,4,Stay
59,97022,0,6,0,2,26,1,Stay
41,107620,5,10,0,6,33,4,Stay
38,36373,17,4,0,1,45,1,Stay
22,20018,2,9,0,7,16,2,Stay
49,128570,14,8,1,1,26,5,Stay
52,97132,3,6,0,2,17,4,Stay
34,78109,1,7,0,5,20,7,Leave
27,92105,2,8,0,3,24,3,Stay
25,83942,14,10,1,10,41,0,Leave
22,109872,18,10,0,2,14,0,Stay
54,159099,6,6,1,2,29,9,Stay
41,126325,8,6,1,6,24,5,Leave
40,57876,13,7,0,10,8,9,Stay
51,94008,2,9,0,7,6,7,Stay
22,157149,7,6,1,2,39,2,Stay
40,148996,16,3,1,2,22,9,Leave
35,118224,8,1,1,8,8,8,Leave
59,75384,17,10,1,3,49,6,Leave
52,140739,12,4,1,10,43,1,Leave
43,35953,9,6,1,3,3,9,Leave
29,128931,14,1,1,6,11,7,Leave
51,45981,15,10,1,2,9,1,Stay
43,45033,16,2,1,4,17,1,Leave
57,134777,15,7,1,7,36,9,Leave
43,145248,18,10,1,1,50,0,Leave
54,36516,3,7,1,2,50,6,Leave
38,43034,5,7,1,3,20,3,Stay
29,46881,5,9,0,10,16,0,Leave
50,35351,17,2,0,5,49,8,Leave
48,37154,12,4,1,9,13,7,Leave
47,111667,19,10,1,10,5,6,Stay
43,140884,3,8,1,3,5,3,Stay
54,123429,11,5,0,1,6,8,Stay
53,105059,10,10,1,10,3,1,Stay
49,85542,13,4,0,9,18,5,Stay
37,76370,15,4,1,2,32,6,Leave
52,122883,11,2,1,10,38,6,Leave
28,148359,13,2,1,3,41,8,Leave
44,132925,15,6,1,7,12,7,Leave
35,32050,2,8,1,9,32,3,Leave
27,131899,17,5,0,2,16,6,Stay
24,147209,13,1,1,1,20,2,Leave
40,124157,9,2,0,8,4,6,Leave
36,47349,19,6,0,4,9,9,Stay
53,38348,20,10,1,2,3,6,Leave
40,136346,6,9,1,10,36,3,Leave
50,31647,2,2,0,2,3,4,Leave
45,72478,6,7,1,2,23,5,Stay
59,104738,18,3,0,5,30,8,Stay
40,37018,15,8,0,2,7,6,Leave
35,54006,7,8,1,7,29,4,Stay
28,25286,5,4,1,2,7,4,Leave
44,76211,16,9,0,9,1,4,Stay
58,134727,13,3,0,1,20,0,Stay
54,144951,12,9,1,1,2,6,Stay
24,73858,16,9,1,7,39,1,Stay
49,125491,13,3,1,1,12,3,Leave
23,154876,17,10,1,6,45,8,Leave
52,42080,2,3,0,4,13,0,Stay
46,132462,20,6,0,2,4,0,Stay
57,49015,18,10,1,4,48,7,Leave
32,79314,2,3,1,6,34,10,Leave
29,74628,9,7,1,10,11,4,Stay
37,123448,13,2,1,4,30,0,Stay
58,98848,2,3,1,9,43,1,Leave
26,51496,8,8,0,8,35,0,Stay
44,101424,20,2,1,10,18,6,Leave
60,83765,19,1,0,6,33,4,Stay
58,83257,3,1,0,6,11,4,Stay
49,122936,16,10,1,6,11,5,Stay
37,79709,8,8,1,5,42,6,Stay
23,157354,5,5,1,2,10,0,Stay
31,99359,18,9,0,6,3,10,Stay
43,148598,16,3,0,9,36,10,Leave
30,37874,5,6,1,4,10,8,Stay
57,70882,19,10,0,8,20,2,Stay
25,155170,19,4,0,5,35,8,Stay
37,137217,8,6,1,10,35,5,Stay
32,95140,17,10,0,4,47,5,Stay
60,93735,15,6,0,7,44,8,Stay
36,37602,1,5,0,7,38,7,Leave
29,25257,12,9,1,10,13,0,Leave
33,158627,5,2,0,2,4,3,Leave
56,106690,2,4,1,10,22,0,Leave
40,109478,0,5,1,4,24,5,Leave
40,82438,19,3,0,10,13,9,Stay
45,150299,3,8,1,1,37,8,Leave
52,140136,4,3,1,5,45,6,Leave
47,26252,8,6,0,8,30,0,Leave
47,135340,15,4,1,5,46,7,Leave
53,135939,17,6,0,1,19,7,Stay
31,64819,9,4,1,4,44,4,Leave
38,141107,19,7,0,10,38,0,Stay
25,68385,13,4,1,6,39,8,Leave
56,138961,8,8,0,1,48,8,Leave
46,49827,15,6,0,6,37,0,Stay
24,26417,8,10,1,3,25,6,Leave
30,147335,6,10,0,10,8,3,Stay
30,27905,1,4,1,6,3,4,Leave
28,48757,0,9,0,3,38,9,Leave
58,66466,1,10,0,4,49,9,Stay
51,64269,5,1,1,3,7,3,Leave
51,55947,10,3,1,2,39,0,Leave
24,64239,15,4,1,10,50,4,Leave
52,135114,13,8,0,4,44,8,Stay
22,95502,18,7,0,5,24,7,Stay
39,104274,13,5,0,8,34,1,Stay
54,104686,18,9,1,8,15,5,Leave
47,136137,3,3,1,8,39,9,Leave
60,71565,17,1,0,1,33,5,Leave
44,25986,10,9,0,8,28,7,Stay
42,29784,10,2,1,7,23,2,Leave
44,61131,17,9,0,6,24,0,Stay
44,49045,9,9,1,3,2,10,Leave
40,146579,18,4,1,8,30,7,Stay
45,32695,10,6,0,3,27,5,Stay
37,45234,5,4,1,5,48,6,Leave
37,36084,4,2,0,6,5,6,Leave
54,142466,8,8,0,9,45,5,Stay
27,85960,10,7,0,4,20,10,Stay
52,64683,10,10,1,10,14,2,Stay
51,143664,19,10,1,3,42,8,Leave
31,26116,11,7,0,3,41,4,Stay
23,27925,3,6,1,2,47,7,Stay
27,76120,13,4,1,10,27,7,Leave
52,115472,1,8,1,9,23,8,Leave
51,51055,18,4,0,9,1,9,Stay
55,43966,11,1,1,4,38,6,Leave
36,114792,19,1,1,3,49,4,Leave
38,47186,12,3,0,2,5,6,Stay
37,159365,12,10,0,9,6,0,Stay
37,21639,10,1,0,1,39,5,Stay
45,55335,6,6,1,10,28,8,Stay
32,38712,16,4,1,3,16,5,Leave
35,138114,13,10,0,5,47,9,Leave
28,51081,13,6,1,5,9,10,Stay
51,124835,20,5,0,10,28,2,Stay
43,48168,8,9,0,9,31,7,Leave
35,103884,1,10,1,8,39,8,Leave
28,23579,9,3,0,1,44,9,Leave
31,103385,12,9,1,10,34,6,Leave
59,118140,9,10,1,10,41,8,Leave
37,20315,7,10,0,2,38,0,Stay
23,156456,20,6,1,1,45,1,Leave
26,98151,7,3,1,9,3,6,Leave
21,52375,5,9,1,7,50,2,Stay
31,153803,14,6,0,3,17,3,Stay
21,36023,10,9,1,7,3,8,Leave
38,112768,0,9,1,1,38,7,Leave
23,92596,19,5,1,10,30,8,Leave
35,149527,6,9,1,4,41,8,Stay
24,97315,4,9,0,9,26,8,Stay
52,37085,4,9,0,6,49,1,Stay
28,80464,15,10,0,8,43,10,Stay
59,108248,5,1,0,6,39,10,Leave
29,137537,1,2,0,8,11,3,Stay
22,133063,2,7,0,7,26,5,Stay
28,134977,1,7,0,1,46,10,Stay
56,148714,12,8,0,7,28,5,Stay
51,131297,19,10,0,5,47,0,Stay
27,152879,10,4,1,5,42,7,Leave
53,92883,5,7,1,8,46,6,Stay
33,155889,19,6,1,7,17,10,Leave
45,72680,17,8,1,7,8,0,Stay
42,54353,17,2,1,9,47,3,Stay
36,37591,1,6,1,9,16,10,Leave
37,125327,7,6,0,4,36,4,Stay
36,95808,8,3,1,6,9,1,Leave
43,152158,12,7,0,5,20,7,Stay
34,136157,2,10,0,8,15,4,Leave
38,48862,16,10,1,8,21,3,Stay
57,107741,1,9,1,4,10,6,Stay
58,83738,17,1,0,1,12,2,Stay
52,159259,0,4,1,9,17,1,Leave
41,77251,11,8,0,5,1,10,Stay
40,32040,16,8,0,7,46,6,Leave
39,127646,5,5,0,9,29,6,Stay
57,126378,14,5,1,5,14,4,Stay
27,66250,2,5,1,4,22,2,Stay
46,140633,6,1,1,9,31,5,Leave
25,94840,10,5,0,2,47,6,Stay
41,117741,5,2,0,10,44,8,Stay
25,34791,7,1,0,1,13,10,Leave
58,139968,14,9,1,2,22,10,Stay
54,154657,13,7,1,4,36,0,Stay
50,31331,10,1,0,6,28,7,Leave
47,159749,20,6,1,8,35,5,Leave
28,39096,14,8,1,9,41,4,Leave
51,131906,11,5,1,3,6,3,Stay
55,146438,7,8,1,10,6,4,Leave
39,113184,5,2,1,6,11,0,Leave
51,78843,14,2,0,10,50,7,Leave
40,132162,14,1,0,4,33,10,Leave
34,37495,3,9,0,4,42,0,Stay
21,99587,9,3,1,9,32,2,Leave
44,78338,15,6,1,3,3,8,Leave
28,139033,17,3,0,2,22,4,Stay
55,117226,4,1,1,8,20,0,Leave
51,87892,9,9,1,7,27,0,Stay
55,134007,9,5,0,6,31,6,Stay
56,89477,9,7,0,2,14,10,Stay
24,21122,9,2,1,7,38,3,Leave
47,129120,18,2,1,2,41,10,Leave
48,100591,15,7,0,4,1,1,Stay
28,107926,12,4,1,8,20,10,Leave
22,42978,11,2,1,4,50,8,Leave
44,70859,6,5,1,3,21,7,Stay
47,40564,8,5,0,6,20,10,Stay
22,89767,18,8,0,10,23,9,Stay
50,46420,17,5,1,3,35,9,Leave
59,23955,14,5,0,7,4,8,Stay
51,90863,11,6,0,8,16,4,Stay
51,151282,19,3,0,10,4,9,Leave
32,27474,10,6,0,5,16,0,Stay
59,147602,14,3,0,10,47,3,Stay
43,46758,17,1,1,10,30,3,Leave
51,48173,17,6,1,1,32,3,Stay
38,46597,8,2,1,4,49,6,Leave
39,68419,0,3,0,1,21,6,Leave
25,147058,2,10,0,10,7,7,Stay
39,31979,10,4,0,2,25,6,Leave
33,41317,12,9,0,4,37,6,Stay
38,104012,10,1,0,4,32,10,Leave
52,67707,16,7,1,4,17,10,Stay
41,63560,1,3,1,6,11,8,Leave
36,41353,8,1,1,2,23,7,Leave
24,68923,8,9,0,10,40,8,Stay
60,118882,17,3,1,8,2,7,Leave
50,47972,19,1,1,9,10,1,Leave
24,149741,7,10,1,7,13,3,Stay
58,152839,4,1,0,9,43,3,Leave
35,103766,14,9,0,7,21,9,Stay
36,82088,9,9,1,1,20,4,Leave
29,65617,10,6,0,10,24,6,Stay
47,140689,14,6,0,4,28,1,Stay
36,141026,19,1,1,4,9,10,Leave
27,77725,6,9,0,2,21,7,Stay
29,114034,8,4,1,7,20,4,Leave
43,61508,12,1,1,7,24,9,Leave
21,72010,1,1,1,6,6,10,Leave
43,100469,7,8,1,3,39,5,Leave
42,22490,18,6,1,3,2,9,Leave
53,62408,3,4,1,9,36,4,Leave
38,34276,14,3,0,9,2,10,Leave
29,25405,15,9,0,8,38,10,Stay
26,20072,8,8,1,10,34,8,Leave
56,42302,13,9,0,5,17,10,Stay
54,81240,19,7,0,10,35,9,Stay
25,31233,14,2,1,4,31,8,Leave
57,50259,5,5,0,3,36,8,Stay
58,50324,11,9,0,8,22,3,Stay
58,136665,14,3,0,2,33,8,Stay
43,91089,2,2,1,9,18,7,Leave
38,24670,3,1,0,4,33,3,Stay
37,76022,3,1,0,1,47,1,Stay
36,89340,16,4,0,4,21,9,Leave
42,44222,5,4,1,1,4,4,Leave
51,24004,17,2,1,10,24,4,Leave
25,101964,10,8,0,8,47,8,Stay
44,63793,11,2,1,8,38,5,Leave
31,24279,8,3,1,10,18,4,Leave
58,22533,4,8,0,6,5,0,Stay
25,60557,20,6,1,1,33,3,Leave
53,102451,2,9,0,9,46,10,Stay
44,80860,3,9,0,5,30,1,Stay
23,45751,11,1,1,6,25,8,Leave
30,51510,13,5,0,1,19,0,Stay
59,58255,13,6,0,6,23,7,Stay
35,68583,9,5,1,8,25,7,Stay
30,85696,14,1,0,6,49,6,Leave
48,145611,14,7,0,6,17,10,Stay
50,29898,9,7,1,5,29,2,Stay
27,127571,14,7,1,7,47,3,Leave
37,114840,16,7,1,10,1,9,Leave
24,87141,8,4,1,8,43,4,Leave
49,76233,20,7,1,5,12,2,Stay
60,45673,15,10,1,9,11,8,Stay
30,62008,10,2,1,10,45,8,Leave
45,152864,6,9,0,9,1,1,Stay
57,102381,16,9,0,8,33,7,Stay
25,99025,6,3,0,10,37,1,Stay
27,122367,6,6,1,9,17,2,Stay
27,60366,5,8,0,3,27,6,Stay
22,155483,16,4,0,8,1,6,Leave
57,57702,12,8,1,2,19,6,Stay
55,58839,8,4,1,1,8,9,Leave
24,143842,16,7,0,6,29,7,Stay
56,62952,9,3,0,8,34,9,Leave
25,46420,6,4,1,9,6,8,Leave
54,118931,4,5,0,8,29,7,Stay
23,65189,12,4,1,7,32,0,Leave
46,110681,7,1,1,4,1,6,Leave
26,25718,17,2,1,7,34,9,Leave
27,48118,4,5,0,6,9,1,Stay
31,139690,0,4,1,1,48,3,Leave
50,133210,19,4,1,10,38,10,Leave
30,94804,3,10,0,7,42,3,Stay
60,94416,19,6,1,8,13,9,Stay
60,52627,19,7,1,7,42,7,Leave
50,98940,19,2,1,8,40,1,Stay
28,67029,7,10,1,7,30,5,Stay
57,118319,3,6,0,3,39,10,Stay
60,114791,2,2,0,7,17,10,Stay
47,75267,9,2,1,3,16,1,Leave
56,157231,14,6,1,4,39,2,Stay
30,37474,5,4,1,8,37,6,Leave
23,122128,0,3,1,4,21,2,Leave
34,106348,12,1,0,1,12,8,Stay
44,42326,7,10,1,10,11,3,Leave
58,77928,15,2,1,6,35,9,Leave
21,159639,16,1,1,1,9,7,Leave
37,71141,1,3,0,6,48,6,Leave
37,47223,13,2,1,4,50,10,Leave
54,85345,11,3,1,10,32,9,Leave
40,112921,8,1,1,6,7,3,Leave
32,68471,4,2,1,9,7,3,Leave
37,119515,4,9,1,8,29,8,Stay
53,97084,14,2,1,4,10,6,Leave
51,121138,15,5,0,3,32,5,Stay
40,83572,2,3,0,6,39,0,Stay
42,22408,4,7,0,2,39,8,Stay
27,119567,19,10,1,10,9,6,Stay
22,153133,11,10,0,7,35,10,Stay
56,94542,15,10,0,3,33,4,Stay
26,132294,8,7,0,2,46,3,Stay
32,43298,13,3,1,3,19,9,Leave
35,151445,18,10,0,6,34,10,Stay
49,45007,9,9,1,1,24,2,Leave
26,107257,7,2,0,2,43,10,Leave
54,64285,14,6,1,6,48,3,Leave
55,64946,9,8,0,1,2,9,Leave
56,121451,0,10,1,5,45,5,Leave
31,53158,13,2,0,10,42,10,Leave
22,117019,0,7,1,9,46,7,Stay
35,91745,15,9,0,2,26,1,Stay
34,76818,13,5,0,2,6,3,Stay
30,137416,17,2,0,7,33,3,Stay
49,116105,17,10,0,4,1,2,Stay
32,109377,12,7,1,7,49,5,Leave
51,153932,1,10,0,9,16,8,Stay
57,26755,11,10,0,7,42,9,Stay
31,99397,10,6,0,1,41,1,Stay
27,89617,15,3,1,4,41,8,Leave
39,145014,14,2,1,8,35,5,Leave
58,105817,4,8,1,4,24,0,Stay
50,143311,3,10,1,8,39,3,Stay
57,67459,12,2,0,7,37,9,Leave
59,115733,14,10,0,10,22,3,Stay
31,93609,12,7,1,6,40,8,Leave
29,59325,16,4,0,2,21,5,Stay
50,100183,1,4,0,6,43,9,Leave
41,148632,4,7,1,3,38,2,Leave
21,108534,11,6,1,6,12,9,Leave
55,145172,14,6,0,2,16,8,Stay
50,120579,13,6,1,1,48,4,Leave
44,23629,18,8,1,8,42,3,Leave
42,117042,2,9,1,1,46,7,Leave
41,68926,4,8,1,10,30,10,Stay
30,79530,13,3,0,5,37,9,Stay
59,156834,3,6,1,3,5,5,Stay
58,143182,3,7,1,6,34,8,Leave
23,56871,4,5,1,5,40,0,Stay
51,51986,0,9,0,10,9,5,Stay
24,105570,20,8,1,5,4,4,Stay
24,76497,14,2,1,3,26,0,Leave
33,108836,14,6,1,10,33,3,Leave
45,100663,4,9,1,4,10,4,Stay
42,29075,1,1,0,7,8,8,Leave
39,91834,17,2,0,4,40,2,Stay
47,109333,3,5,1,8,11,7,Stay
49,157635,17,3,0,6,8,0,Stay
49,151070,17,9,0,3,21,2,Stay
53,88760,3,1,1,10,38,4,Leave
36,141652,0,1,1,8,40,5,Leave
54,73489,10,9,1,4,37,9,Leave
25,72599,16,1,0,5,11,2,Stay
50,128335,20,7,0,8,18,1,Stay
47,78502,13,3,0,5,19,10,Leave
52,95399,11,5,0,8,47,5,Stay
47,24823,0,6,1,8,4,0,Leave
32,67666,15,9,0,10,36,9,Stay
45,113307,7,1,1,8,29,9,Leave
36,68758,13,1,0,6,44,6,Leave
50,23286,14,6,1,7,15,9,Leave
34,103083,0,7,0,1,25,7,Stay
47,92487,9,7,1,7,50,5,Stay
32,93898,17,5,1,9,37,10,Leave
35,61540,0,9,0,9,23,10,Stay
27,99696,15,7,1,7,42,3,Stay
54,79668,5,10,0,7,16,3,Stay
27,42575,9,6,0,2,6,7,Stay
56,48803,7,10,0,4,21,8,Stay
23,84912,12,2,0,5,24,6,Leave
35,114338,20,8,0,4,45,1,Stay
37,89300,12,4,0,10,17,2,Stay
44,73391,17,6,1,8,37,5,Leave
59,20230,19,2,1,5,27,7,Leave
26,80872,5,3,1,2,26,2,Leave
52,124053,8,9,0,7,16,3,Stay
50,61191,18,2,1,9,21,10,Leave
51,39635,14,2,0,5,18,3,Stay
46,108540,10,3,0,8,29,9,Stay
51,151317,0,1,1,4,46,3,Leave
28,43738,4,6,1,7,45,6,Stay
25,133151,5,8,0,7,40,4,Stay
53,85897,2,6,0,4,4,3,Stay
29,103104,9,7,1,1,22,9,Leave
51,70451,9,7,0,8,7,1,Stay
52,41073,9,9,0,4,31,6,Stay
47,130257,16,7,0,2,38,9,Stay
37,63445,2,8,0,7,7,4,Stay
52,106803,0,7,0,2,15,5,Stay
53,62415,5,4,0,9,40,2,Stay
33,73476,4,9,1,1,20,0,Stay
55,66522,17,10,0,10,4,0,Stay
25,57698,0,3,1,7,5,3,Leave
58,107260,7,3,0,1,37,10,Stay
60,95341,6,1,0,1,35,8,Leave
39,90349,5,7,1,3,24,9,Leave
48,21456,6,10,0,1,5,8,Leave
23,153477,7,7,0,8,48,6,Stay
32,140785,19,1,0,4,4,0,Leave
48,70486,6,10,0,9,42,10,Stay
42,75936,20,6,1,3,5,6,Stay
50,150773,11,2,1,8,25,10,Leave
45,137471,2,6,1,7,31,3,Stay
31,90071,10,1,1,8,3,4,Leave
37,76967,7,2,0,3,35,5,Stay
37,31597,9,3,0,2,39,4,Leave
24,155296,15,8,1,6,26,2,Stay
48,109543,11,2,1,5,50,5,Leave
41,123323,7,6,0,3,15,3,Stay
29,69806,18,1,0,2,45,5,Stay
54,37703,5,2,0,7,3,0,Leave
29,104815,4,2,1,10,46,5,Leave
49,131881,10,1,1,7,6,6,Leave
35,90830,13,2,1,7,40,10,Leave
29,28655,12,6,1,2,23,4,Leave
58,52861,12,3,0,5,50,0,Stay
30,96661,1,2,1,5,16,9,Leave
44,62077,13,9,0,3,39,4,Stay
49,150005,14,10,1,9,33,0,Leave
56,119618,5,8,0,6,21,5,Stay
53,91251,4,1,0,5,4,0,Stay
23,58576,15,7,1,3,3,0,Stay
33,150247,5,10,1,4,33,10,Leave
41,118641,5,10,1,5,30,9,Stay
33,34244,10,10,0,10,21,7,Stay
44,142004,11,5,1,5,13,5,Stay
42,49975,13,1,0,9,35,7,Leave
42,25200,7,6,1,4,24,10,Leave
37,46556,8,8,0,2,6,6,Stay
41,64833,19,5,0,6,6,3,Stay
54,65995,12,10,1,3,26,3,Leave
48,100297,13,4,0,7,37,2,Stay
43,131593,9,10,0,3,11,6,Stay
25,27262,2,3,0,3,44,1,Leave
40,56266,2,6,0,1,33,7,Stay
36,22241,3,8,1,8,32,0,Stay
28,92125,1,9,1,1,38,4,Leave
53,157132,20,10,1,7,1,2,Stay
30,154829,17,1,1,3,44,2,Leave
21,78592,0,3,1,10,45,5,Leave
32,42295,19,2,0,8,1,3,Stay
27,83368,12,3,1,4,40,8,Leave
55,28232,17,2,0,2,16,4,Stay
29,152127,9,4,0,1,26,1,Leave
42,35926,3,4,1,10,42,2,Leave
30,101405,4,10,0,10,32,4,Stay
25,77166,18,1,1,10,37,3,Leave
40,102341,8,1,0,5,18,6,Stay
49,98283,8,3,1,8,1,6,Leave
47,27013,14,8,1,9,45,10,Leave
22,69978,15,6,0,2,1,9,Stay
27,47666,9,3,1,5,30,1,Stay
60,150790,10,10,1,10,16,4,Stay
36,25539,1,5,1,1,20,5,Leave
57,66899,5,5,0,9,22,5,Stay
58,80219,8,1,1,6,39,9,Leave
56,107692,11,2,0,6,40,4,Leave
28,109742,13,4,1,8,25,10,Leave
24,134083,18,7,0,5,19,8,Stay
27,95034,9,4,1,3,20,1,Leave
31,68466,6,9,0,5,14,0,Stay
57,131810,18,8,1,4,9,7,Leave
22,111063,18,7,1,3,1,9,Stay
35,50444,12,6,0,4,36,8,Leave
37,121799,19,2,1,8,29,7,Leave
27,36542,15,7,0,7,10,8,Stay
35,130833,4,5,1,5,43,7,Stay
59,68024,14,7,1,4,49,10,Stay
35,135831,18,5,0,6,4,1,Stay
47,88165,9,4,0,8,14,4,Stay
32,152187,4,5,0,8,40,2,Stay
38,77721,14,2,1,3,47,2,Leave
51,24336,17,6,1,1,45,4,Leave
47,114377,0,3,0,3,45,4,Leave
21,27498,10,1,0,2,4,6,Stay
25,60450,14,6,0,9,17,2,Stay
60,43435,7,6,0,9,32,8,Leave
33,70597,17,6,0,8,35,10,Stay
37,145475,4,4,0,4,29,8,Stay
28,60962,15,9,1,7,32,5,Leave
25,154232,6,3,0,9,8,6,Stay
49,130041,19,7,0,10,11,6,Stay
32,155188,13,2,1,2,32,0,Leave
59,99814,9,6,1,9,8,2,Stay
26,22653,16,8,0,2,25,7,Stay
26,33584,14,6,1,3,36,9,Leave
46,123429,8,7,1,8,2,7,Stay
40,93038,6,2,0,7,29,4,Stay
39,134179,10,10,1,8,48,9,Leave
36,94118,3,8,0,5,29,9,Stay
